asset,market,year,month,block,hours_block,rated_mw,cf_mean,cf_std,cr_da_mean,basis_da_mean,basis_da_std,dart_hub_mean,dart_hub_std,negshare_da_hub,forward_hub
Howling Gale,CAISO,2022,1,OffPeak,344,100.0,0.11156104651162789,0.2717887337547054,0.5342586349613291,-0.06008720930232541,0.3419175534593357,,,0.0,74.33
Howling Gale,CAISO,2022,1,Peak,400,100.0,0.32397750000000003,0.36260131173498233,0.7234284354937568,-0.3355750000000002,1.2461127524644937,,,0.0,64.14
Howling Gale,CAISO,2022,2,OffPeak,288,100.0,0.07460416666666667,0.22469340221733258,0.23599724500269134,-0.04226736111111129,0.3710801091849755,,,0.020833333333333332,
Howling Gale,CAISO,2022,2,Peak,384,100.0,0.4308307291666666,0.4174371264782173,0.5516331175824247,0.17132812500000008,0.8231965090882403,,,0.015625,
Howling Gale,CAISO,2022,3,OffPeak,311,100.0,0.08689067524115754,0.25399060360418846,0.20202675486147942,-0.5391832797427655,0.7422555089008938,,,0.06752411575562701,
Howling Gale,CAISO,2022,3,Peak,432,100.0,0.5710624999999999,0.44622342918419267,0.6276025127289395,-0.4159282407407408,1.2039360571232365,,,0.011574074074074073,
Howling Gale,CAISO,2022,4,OffPeak,304,100.0,0.14579276315789472,0.34319677477808896,0.20071980633635916,-0.5957434210526317,0.961716177755805,,,0.006578947368421052,
Howling Gale,CAISO,2022,4,Peak,416,100.0,0.6389302884615383,0.4190573845121136,0.6499683042855731,-0.8520072115384619,3.996774588438938,,,0.007211538461538462,
Howling Gale,CAISO,2022,5,OffPeak,344,100.0,0.19185755813953487,0.3735424619836507,0.18710345763262706,-0.06541569767441814,0.667955790063094,,,0.07267441860465117,
Howling Gale,CAISO,2022,5,Peak,400,100.0,0.6486525000000001,0.408674729252463,0.6933679824406979,0.5371499999999998,2.232820048935274,,,0.0,
Howling Gale,CAISO,2022,6,OffPeak,304,100.0,0.15657894736842107,0.3495463543119134,0.44249654027261154,-0.13498684210526352,0.470064766085214,,,0.02631578947368421,
Howling Gale,CAISO,2022,6,Peak,416,100.0,0.73271875,0.3872088757749694,0.8290663277664788,0.8155048076923078,1.449423506495479,,,0.007211538461538462,
Howling Gale,CAISO,2022,7,OffPeak,344,100.0,0.20734593023255812,0.39075640124581973,0.7410464690218573,0.7524912790697676,0.8239533938633912,,,0.0,
Howling Gale,CAISO,2022,7,Peak,400,100.0,0.7060775000000001,0.39345804678542345,0.8758670527603355,2.0954375,2.037573237417086,,,0.0,
Howling Gale,CAISO,2022,8,OffPeak,312,100.0,0.13187179487179487,0.31747105026280337,0.8813541602496978,1.2871634615384617,1.7239812301403052,,,0.0,
Howling Gale,CAISO,2022,8,Peak,432,100.0,0.6949884259259259,0.40968254061952386,0.8826322294873047,3.3143611111111113,4.484008960354026,,,0.0,
Howling Gale,CAISO,2022,9,OffPeak,320,100.0,0.147940625,0.33499685991077344,0.9048163134090421,0.5617625000000002,2.1109732530466534,,,0.0,
Howling Gale,CAISO,2022,9,Peak,400,100.0,0.5993125,0.420074620228538,0.7998777157384998,2.5685349999999993,5.025156624078128,,,0.0,
Howling Gale,CAISO,2022,10,OffPeak,328,100.0,0.12503658536585366,0.3049271811652432,0.5605806849073736,-0.5132530487804879,0.9656352379831179,,,0.0,
Howling Gale,CAISO,2022,10,Peak,416,100.0,0.5401274038461538,0.42570272519114966,0.7941122442952198,-0.28449278846153897,1.4896018567100857,,,0.0,
Howling Gale,CAISO,2022,11,OffPeak,321,100.0,0.08403115264797507,0.22541005473687223,0.4432496182598419,-1.0233364485981309,1.3329077374104328,,,0.0,
Howling Gale,CAISO,2022,11,Peak,400,100.0,0.39504,0.38221182359424477,0.6989820497715273,-0.6139324999999999,2.158742318791454,,,0.0,
Howling Gale,CAISO,2022,12,OffPeak,328,100.0,0.04511585365853658,0.14350347199883925,0.940156051190571,-1.6178658536585357,4.8808862370489585,,,0.0,
Howling Gale,CAISO,2022,12,Peak,416,100.0,0.29441346153846154,0.3253763599673142,0.865203758093409,-1.479658653846155,4.271056240099586,,,0.0,
Howling Gale,CAISO,2023,1,OffPeak,344,100.0,0.11729360465116279,0.28152555744107494,0.6128059872150343,0.18516860465116322,1.3535907674251801,,,0.0,
Howling Gale,CAISO,2023,1,Peak,400,100.0,0.4063675,0.38927634480573475,0.798926353188429,0.29184750000000004,1.772281581536745,,,0.0,
Howling Gale,CAISO,2023,2,OffPeak,288,100.0,0.12496180555555554,0.31649870551370435,0.41821905083535543,-0.35464930555555596,0.8176546675281244,,,0.020833333333333332,
Howling Gale,CAISO,2023,2,Peak,384,100.0,0.5341718750000001,0.443545349326615,0.7075868128581555,-1.2997864583333325,3.8512910522190227,,,0.0,
Howling Gale,CAISO,2023,3,OffPeak,311,100.0,0.10960450160771704,0.2921980898664563,0.4165776447103775,-0.6080546623794213,0.8971666980551388,,,0.022508038585209004,
Howling Gale,CAISO,2023,3,Peak,432,100.0,0.48139351851851847,0.4175848777993639,0.5706703953694667,-1.659018518518519,2.977416610894465,,,0.03009259259259259,
Howling Gale,CAISO,2023,4,OffPeak,320,100.0,0.143409375,0.3301919142336975,0.05393503709301265,0.43925937499999995,1.5965081484091814,,,0.10625,
Howling Gale,CAISO,2023,4,Peak,400,100.0,0.5969725000000001,0.4315861307019558,0.462141625654516,3.3024299999999998,4.549992282909537,,,0.11,
Howling Gale,CAISO,2023,5,OffPeak,328,100.0,0.18107621951219513,0.37461696276404405,-0.28532268494643864,0.011500000000000028,0.6129868021188266,,,0.1402439024390244,
Howling Gale,CAISO,2023,5,Peak,416,100.0,0.7144615384615385,0.40006505309751383,0.4377258427558852,-0.036192307692307746,1.4934052271795462,,,0.22355769230769232,
Howling Gale,CAISO,2023,6,OffPeak,304,100.0,0.15269407894736842,0.3446784915527554,0.2142668822479733,0.03289802631578961,0.2837337561033714,,,0.05592105263157895,
Howling Gale,CAISO,2023,6,Peak,416,100.0,0.7307548076923077,0.38415243896449824,0.681246843085522,0.13049759615384618,4.014408237684528,,,0.07451923076923077,
Howling Gale,CAISO,2023,7,OffPeak,344,100.0,0.21032558139534885,0.39441554921951705,0.8537713917453394,0.7544447674418605,4.7301260620133725,,,0.0,
Howling Gale,CAISO,2023,7,Peak,400,100.0,0.7479975000000002,0.3848981995981336,0.7861243845041228,2.1905524999999995,14.585336966223629,,,0.0,
Howling Gale,CAISO,2023,8,OffPeak,312,100.0,0.12807692307692306,0.3200971725142154,0.8082106660150292,0.05948717948717904,0.6392482420371969,,,0.0,
Howling Gale,CAISO,2023,8,Peak,432,100.0,0.6258194444444444,0.41731160334288503,0.7258155180635297,1.349835648148148,4.544761976500178,,,0.0,
Howling Gale,CAISO,2023,9,OffPeak,320,100.0,0.14537187499999998,0.3305145828683454,0.4051153460674177,-0.22783124999999965,1.064405488305318,,,0.028125,
Howling Gale,CAISO,2023,9,Peak,400,100.0,0.5767025,0.4276303055084182,0.624949618393962,-1.0680625000000001,2.5610196402190515,,,0.02,
Howling Gale,CAISO,2023,10,OffPeak,328,100.0,0.12777743902439026,0.30418875293135855,0.26622346180858386,0.15155792682926816,7.388693166326122,,,0.042682926829268296,
Howling Gale,CAISO,2023,10,Peak,416,100.0,0.5004206730769231,0.4065717363819159,0.5696739205954067,12.312834134615382,20.656672425988436,,,0.016826923076923076,
Howling Gale,CAISO,2023,11,OffPeak,321,100.0,0.10807476635514018,0.268903131987196,0.22960008145239744,-1.1233707165109033,1.4387650986227032,,,0.03426791277258567,
Howling Gale,CAISO,2023,11,Peak,400,100.0,0.40893250000000003,0.37710706342757283,0.6045706019388223,-1.0259375,2.7698651783723425,,,0.01,
Howling Gale,CAISO,2023,12,OffPeak,344,100.0,0.09284883720930232,0.24020093713956572,0.4234973990448747,-0.7194593023255812,0.8061737715544763,,,0.014534883720930232,
Howling Gale,CAISO,2023,12,Peak,400,100.0,0.3470725,0.3536320989350982,0.6832317808558604,-0.9491750000000004,1.3026612242012867,,,0.0,
Howling Gale,CAISO,2024,1,OffPeak,328,100.0,0.07585060975609756,0.21851638809267943,0.5323908545130831,-0.697057926829268,1.2719755588541373,,,0.0,
Howling Gale,CAISO,2024,1,Peak,416,100.0,0.3877884615384615,0.37932138322293085,0.6708522345408345,-1.8399038461538464,2.423240591486147,,,0.0,
Howling Gale,CAISO,2024,2,OffPeak,296,100.0,0.11355743243243244,0.29962779749101626,0.05555151480611706,-0.10447972972972976,0.6416423891233547,,,0.07094594594594594,
Howling Gale,CAISO,2024,2,Peak,400,100.0,0.498875,0.43579690997281595,0.41523445699243816,-0.4274600000000002,2.3634110832165187,,,0.205,
Howling Gale,CAISO,2024,3,OffPeak,327,100.0,0.1337737003058104,0.31327677081843336,-0.6477379963646444,-0.23055045871559637,2.163656008202924,,,0.13149847094801223,
Howling Gale,CAISO,2024,3,Peak,416,100.0,0.5868798076923076,0.4415966430551225,-1.5946682913338437,-0.05238221153846139,2.744035514816522,,,0.47596153846153844,
Howling Gale,CAISO,2024,4,OffPeak,304,100.0,0.1457598684210526,0.3415366047403124,-1.1771784124988973,-1.3280953947368421,2.3203780221738226,,,0.12828947368421054,
Howling Gale,CAISO,2024,4,Peak,416,100.0,0.6816105769230768,0.42401061851179,230.83521899471697,-1.116139423076923,4.046239443424772,,,0.5913461538461539,
Howling Gale,CAISO,2024,5,OffPeak,328,100.0,0.1834298780487805,0.37738546224888503,-1.3109851753121813,-0.9740457317073173,1.5950453295774394,,,0.16463414634146342,
Howling Gale,CAISO,2024,5,Peak,416,100.0,0.7384038461538462,0.3956240949020916,-2.3617416736960535,-1.2416201923076924,3.456382247515556,,,0.5889423076923077,
Howling Gale,CAISO,2024,6,OffPeak,320,100.0,0.18246875,0.3722527610947073,-0.04318728784359652,-0.7563093749999998,1.4495043152010423,,,0.096875,
Howling Gale,CAISO,2024,6,Peak,400,100.0,0.72358,0.38603916146611816,0.6306503540311897,-2.847395,4.4516313192448,,,0.165,
Howling Gale,CAISO,2024,7,OffPeak,328,100.0,0.17685365853658538,0.3672782235627287,0.6335754934227352,-1.1682439024390243,2.95603184119185,,,0.0,
Howling Gale,CAISO,2024,7,Peak,416,100.0,0.6801466346153846,0.39445610580942164,0.7554961194453877,-4.783326923076922,8.897004613241721,,,0.0,
Howling Gale,CAISO,2024,8,OffPeak,312,100.0,0.127025641025641,0.31460864166637786,0.6146088925499898,-0.4870160256410255,0.884268282389878,,,0.022435897435897436,
Howling Gale,CAISO,2024,8,Peak,432,100.0,0.6578680555555555,0.41691014427228607,0.7892118592721511,-1.2733194444444447,3.250701768930197,,,0.020833333333333332,
Howling Gale,CAISO,2024,9,OffPeak,336,100.0,0.1743511904761905,0.35657418293936677,0.4704225444699455,-0.31501785714285735,1.0934322654298965,,,0.044642857142857144,
Howling Gale,CAISO,2024,9,Peak,384,100.0,0.5888463541666666,0.4243116063173416,0.6380934109234679,-0.9399869791666666,3.538470444783009,,,0.0703125,
Howling Gale,CAISO,2024,10,OffPeak,312,100.0,0.10257371794871795,0.2743847622657358,0.28863168313994136,-0.7351602564102561,1.753129086751481,,,0.04487179487179487,
Howling Gale,CAISO,2024,10,Peak,432,100.0,0.4862546296296297,0.40751137085964717,0.6266538043167021,-3.0302986111111108,4.725828847736184,,,0.02546296296296296,
Howling Gale,CAISO,2024,11,OffPeak,321,100.0,0.10777258566978193,0.26762894321449227,0.1565298080979249,-0.16029906542056094,1.0320264157376855,,,0.06542056074766354,
Howling Gale,CAISO,2024,11,Peak,400,100.0,0.4151275,0.37716163443539025,0.46558871103038696,0.051890000000000144,1.5186236506721973,,,0.0875,
Howling Gale,CAISO,2024,12,OffPeak,344,100.0,0.08232267441860465,0.2126912597228808,0.38567952631300567,-0.1578633720930232,0.7618910923957426,,,0.014534883720930232,
Howling Gale,CAISO,2024,12,Peak,400,100.0,0.3024775,0.3366057978580123,0.7478448250827342,-0.2902174999999999,1.0143595236906906,,,0.0,
Mantero,MISO,2022,1,OffPeak,408,71.4,0.17833456912176637,0.24347265368644871,1.0013717346270146,20.85825980392157,12.874555431313258,,,0.0,50.6
Mantero,MISO,2022,1,Peak,336,71.4,0.217891323195945,0.28059246543329797,0.9809404959078285,23.120386904761908,14.005411986960068,,,0.0,58.04
Mantero,MISO,2022,2,OffPeak,352,71.4,0.2900194168576521,0.3164186456625471,1.01827711943436,18.973948863636362,12.58489136345071,,,0.0,
Mantero,MISO,2022,2,Peak,320,71.4,0.17290353641456582,0.228308693199368,1.005988992897719,22.51771875,14.512839849075501,,,0.0,
Mantero,MISO,2022,3,OffPeak,376,71.4,0.33156773347636925,0.3276941128270461,0.9529580292420544,17.42686170212766,15.038822036920179,,,0.0,
Mantero,MISO,2022,3,Peak,368,71.4,0.27519105468274263,0.3035893823693302,1.0084476244944636,22.749918478260874,16.833271573685405,,,0.0,
Mantero,MISO,2022,4,OffPeak,384,71.4,0.20301193394024275,0.3156302960999039,1.0319337372242297,29.174635416666664,17.91662053096353,,,0.0,
Mantero,MISO,2022,4,Peak,336,71.4,0.18975090036014403,0.27835747879496847,1.0615860840602376,41.94464285714285,23.174364475154267,,,0.0,
Mantero,MISO,2022,5,OffPeak,408,71.4,0.18394710825506674,0.2220380909016532,1.0465062242120367,20.68041666666667,14.004218759688294,,,0.004901960784313725,
Mantero,MISO,2022,5,Peak,336,71.4,0.2535180738962251,0.2709835790229701,0.9006534263759841,24.05613095238095,19.048834380466484,,,0.0,
Mantero,MISO,2022,6,OffPeak,368,71.4,0.33022774327122145,0.33061128214379404,0.8823746238383101,10.27766304347826,17.221896127905733,,,0.0,
Mantero,MISO,2022,6,Peak,352,71.4,0.3428109880315762,0.3538018590210294,0.947452336982687,16.053551136363634,23.795725445166934,,,0.0,
Mantero,MISO,2022,7,OffPeak,424,71.4,0.3654867607420326,0.33130244037346845,0.9121401004285813,8.507193396226416,10.75485314170423,,,0.0,
Mantero,MISO,2022,7,Peak,320,71.4,0.2303221288515406,0.27198823077012546,0.9948356661036298,8.604375000000001,15.333835665695995,,,0.0,
Mantero,MISO,2022,8,OffPeak,376,71.4,0.3560663627152989,0.32027114125934103,0.867478184186598,6.118351063829787,9.797131304983731,,,0.0,
Mantero,MISO,2022,8,Peak,368,71.4,0.2503387224454999,0.2746500195754908,0.8872699009263514,5.512989130434782,13.544747226019954,,,0.0,
Mantero,MISO,2022,9,OffPeak,384,71.4,0.28289492880485523,0.32957221360166433,0.9463854559321849,9.334635416666666,9.063868382180953,,,0.0026041666666666665,
Mantero,MISO,2022,9,Peak,336,71.4,0.36444994664532476,0.3501882749513146,0.8758344069260934,18.369940476190475,17.58258027001925,,,0.0,
Mantero,MISO,2022,10,OffPeak,408,71.4,0.34137968913055416,0.31777404309971724,1.0363402033767717,13.221348039215686,11.06114208713058,,,0.0,
Mantero,MISO,2022,10,Peak,336,71.4,0.3517532012805122,0.32414499533320174,0.9701607033099834,15.814464285714285,15.782238713713308,,,0.0,
Mantero,MISO,2022,11,OffPeak,384,71.4,0.327844158496732,0.37372533405505104,1.0248265679487796,9.229270833333333,6.701757689210436,,,0.036458333333333336,
Mantero,MISO,2022,11,Peak,336,71.4,0.4182047819127651,0.4158389572223192,0.8595427182580572,13.268660714285712,10.879670964257684,,,0.0,
Mantero,MISO,2022,12,OffPeak,408,71.4,0.2269559784698193,0.3018997801666382,0.7622778383085221,10.59732843137255,15.021409225023698,,,0.0024509803921568627,
Mantero,MISO,2022,12,Peak,336,71.4,0.23570261437908493,0.2851198270639924,0.8640020762143361,8.976517857142856,11.98174644359019,,,0.0,
Mantero,MISO,2023,1,OffPeak,408,71.4,0.2622892294172571,0.31806745709744144,0.931767848764167,6.801421568627452,7.730889313088695,,,0.0,
Mantero,MISO,2023,1,Peak,336,71.4,0.3198779511804722,0.3525333826946248,0.951950050565814,6.985744047619048,9.761028850529025,,,0.0,
Mantero,MISO,2023,2,OffPeak,352,71.4,0.4326855742296918,0.40915112710170626,0.9815376794786818,9.70005681818182,10.303764504283153,,,0.028409090909090908,
Mantero,MISO,2023,2,Peak,320,71.4,0.5366158963585433,0.44848761945780624,0.9159165752205735,12.148749999999998,10.607145710576047,,,0.0,
Mantero,MISO,2023,3,OffPeak,376,71.4,0.45086119554204657,0.406899587254066,0.9593859219853169,11.046436170212766,10.254650330390675,,,0.0,
Mantero,MISO,2023,3,Peak,368,71.4,0.35150636341493113,0.36526462779196495,0.9350680577731388,10.18467391304348,9.674776012991307,,,0.0,
Mantero,MISO,2023,4,OffPeak,400,71.4,0.16454481792717085,0.2777283203930771,1.1297957736916244,21.094875000000002,14.480938139771704,,,0.0,
Mantero,MISO,2023,4,Peak,320,71.4,0.23311011904761902,0.28784224871590225,1.0347873467711337,19.8785625,15.486617495053197,,,0.0,
Mantero,MISO,2023,5,OffPeak,392,71.4,0.3871441433716343,0.37633794913976554,0.8097847617397134,5.808673469387755,6.244923157532741,,,0.030612244897959183,
Mantero,MISO,2023,5,Peak,352,71.4,0.2993777056277056,0.3026526654886701,0.8842688834262982,7.803068181818182,9.096351744565787,,,0.0,
Mantero,MISO,2023,6,OffPeak,368,71.4,0.2896533613445378,0.31722787061452573,0.9281197462937147,4.056086956521739,5.363594347020795,,,0.0,
Mantero,MISO,2023,6,Peak,352,71.4,0.19788483575248278,0.24697624021821193,0.8966436283554771,7.545056818181817,7.023986578941475,,,0.0,
Mantero,MISO,2023,7,OffPeak,424,71.4,0.25702922678505363,0.25240482777353557,0.8585310827926033,2.732523584905661,4.110468616265708,,,0.0,
Mantero,MISO,2023,7,Peak,320,71.4,0.1768644957983193,0.1951553366514924,1.004241951555334,4.29740625,4.8765616089597,,,0.0,
Mantero,MISO,2023,8,OffPeak,376,71.4,0.3136286429465403,0.32369374448317473,0.971550597989087,5.757739361702127,6.674814549924704,,,0.0,
Mantero,MISO,2023,8,Peak,368,71.4,0.24416179515284372,0.2815249890805599,0.9081828340908616,8.720244565217392,9.08125780188381,,,0.0,
Mantero,MISO,2023,9,OffPeak,400,71.4,0.21863795518207282,0.2413111040866746,0.9505532432272372,11.73105,13.5278333663032,,,0.0,
Mantero,MISO,2023,9,Peak,320,71.4,0.2585828081232493,0.2642527154852008,0.9685669502394855,8.322375,8.46333337973589,,,0.0,
Mantero,MISO,2023,10,OffPeak,392,71.4,0.1836091579488938,0.19922053685184965,1.0893156288051757,12.609897959183673,12.021745407777008,,,0.04081632653061224,
Mantero,MISO,2023,10,Peak,352,71.4,0.2553834033613445,0.3069644327876502,1.0435497758261827,17.176051136363636,13.818885505450945,,,0.0,
Mantero,MISO,2023,11,OffPeak,384,71.4,0.2576848447712418,0.29775898199036865,0.9677069581545451,16.633958333333332,16.418470604169638,,,0.0,
Mantero,MISO,2023,11,Peak,336,71.4,0.2573362678404695,0.31434697935307004,0.9920323545205679,17.68184523809524,16.944083531846335,,,0.0,
Mantero,MISO,2023,12,OffPeak,424,71.4,0.3455386871729824,0.40990377735763894,0.9628800887066284,10.72754716981132,12.074073355636736,,,0.0,
Mantero,MISO,2023,12,Peak,320,71.4,0.352140231092437,0.38576258988120954,0.9260906702382213,8.03534375,9.422253815627396,,,0.0,
Mantero,MISO,2024,1,OffPeak,392,71.4,0.306047418967587,0.36929186243079737,0.9773354687907404,7.792117346938776,14.182564594322422,,,0.0,
Mantero,MISO,2024,1,Peak,352,71.4,0.21254297173414818,0.23469278838161187,1.1223735856484922,3.919545454545454,10.93417386899249,,,0.0,
Mantero,MISO,2024,2,OffPeak,360,71.4,0.30168067226890755,0.3543361499531872,0.967998922554473,8.111027777777778,6.992596904980964,,,0.0,
Mantero,MISO,2024,2,Peak,336,71.4,0.4161206149126317,0.3892283651168017,0.9108045086728067,9.370922619047619,9.10311667375981,,,0.0,
Mantero,MISO,2024,3,OffPeak,408,71.4,0.30336889657823907,0.32099488299406187,1.0965390054373865,10.977573529411766,8.468405089576484,,,0.031862745098039214,
Mantero,MISO,2024,3,Peak,336,71.4,0.35643840869681204,0.333575484477105,0.9559097895899619,9.732232142857143,8.146435833768656,,,0.0,
Mantero,MISO,2024,4,OffPeak,368,71.4,0.19274829497016197,0.2682692597395033,1.1069031755088345,19.711358695652173,14.293977440322456,,,0.016304347826086956,
Mantero,MISO,2024,4,Peak,352,71.4,0.19334097275273746,0.28389057000063395,1.0537044543272498,24.033920454545456,15.81701579233109,,,0.0,
Mantero,MISO,2024,5,OffPeak,392,71.4,0.3704517521294232,0.34135448459358386,1.0028313355321266,7.929566326530613,8.633037924231315,,,0.0,
Mantero,MISO,2024,5,Peak,352,71.4,0.3493840718105424,0.3404787209297309,1.00242278380389,10.958522727272726,10.240958437581892,,,0.0,
Mantero,MISO,2024,6,OffPeak,400,71.4,0.35450280112044813,0.3644036775862942,0.8789925664071023,5.315225000000001,6.385688490140102,,,0.005,
Mantero,MISO,2024,6,Peak,320,71.4,0.28485644257703074,0.2936505057804804,0.9520681498788616,9.54459375,9.36182325354852,,,0.0,
Mantero,MISO,2024,7,OffPeak,392,71.4,0.2559809638140971,0.34242794706617447,0.8415995270704156,4.118673469387755,6.559540816964417,,,0.0,
Mantero,MISO,2024,7,Peak,352,71.4,0.18300388337153042,0.2500610715856465,0.9449891243610031,4.4736363636363645,6.771022459255703,,,0.0,
Mantero,MISO,2024,8,OffPeak,392,71.4,0.19703238438232437,0.225438686666029,0.9162840899427547,8.159107142857142,10.500954990976126,,,0.0,
Mantero,MISO,2024,8,Peak,352,71.4,0.1708166221033868,0.20388233647161438,0.9323384524466788,13.931107954545455,16.382457686548758,,,0.0,
Mantero,MISO,2024,9,OffPeak,400,71.4,0.12358543417366946,0.2078202100942201,0.9995883592112824,23.0004,21.542299727137642,,,0.0,
Mantero,MISO,2024,9,Peak,320,71.4,0.12522321428571428,0.21922082723737404,0.8965850305717338,36.89896875,27.812237059991276,,,0.0,
Mantero,MISO,2024,10,OffPeak,376,71.4,0.2722152690863579,0.349061545758954,1.0755007040839317,15.964228723404254,12.591023212466865,,,0.0026595744680851063,
Mantero,MISO,2024,10,Peak,368,71.4,0.2902699123127511,0.32766971287790486,0.9415349553880644,13.242228260869567,13.967283256268344,,,0.0,
Mantero,MISO,2024,11,OffPeak,400,71.4,0.2697373949579832,0.29075625464920385,0.9871182644015771,11.964025000000001,15.195410517698377,,,0.0075,
Mantero,MISO,2024,11,Peak,320,71.4,0.19791228991596635,0.27097541748021375,0.9232912562233548,14.892875,19.39904709185738,,,0.0,
Mantero,MISO,2024,12,OffPeak,408,71.4,0.3441842423243807,0.3806934137096552,0.9127619953280806,6.244632352941176,10.39078874646167,,,0.0,
Mantero,MISO,2024,12,Peak,336,71.4,0.39489545818327326,0.41625565576691215,0.7973042346551042,11.393571428571429,15.250361063920991,,,0.0,
Valentino,ERCOT,2022,1,OffPeak,408,58.4,0.28446901020682247,0.24135540816444953,1.0038384137606964,7.244534313725492,11.400211980390404,-2.861335784313726,12.797083795854688,0.0,61.71
Valentino,ERCOT,2022,1,Peak,336,58.4,0.27698446673189825,0.23253078510357383,0.9907755347011649,6.927113095238096,12.026345246961421,-3.797392857142857,17.59037788366068,0.0,68.72
Valentino,ERCOT,2022,2,OffPeak,352,58.4,0.17524128268991282,0.19599672954482014,1.2306674660292936,5.597784090909091,11.601316050651176,-4.107943181818181,66.63273162721926,0.028409090909090908,
Valentino,ERCOT,2022,2,Peak,320,58.4,0.23449807363013697,0.2296380918169736,1.0252119448584123,13.469718749999998,22.27758544816458,22.804328125000005,289.5217657070377,0.0,
Valentino,ERCOT,2022,3,OffPeak,375,58.4,0.271662100456621,0.22482735797932138,1.0067917863083515,9.094586666666668,11.216609379177934,-0.8805093333333328,21.213053883479752,0.024,
Valentino,ERCOT,2022,3,Peak,368,58.4,0.28332061494937466,0.22151149960015734,0.9822614476654371,8.818913043478261,12.305019861897105,-6.4768858695652165,29.361752266162988,0.0,
Valentino,ERCOT,2022,4,OffPeak,384,58.4,0.3057755422374429,0.22099666225803985,1.0323007027930506,17.75109375,19.08149726053964,-1.2665468750000002,57.90104307819928,0.013020833333333334,
Valentino,ERCOT,2022,4,Peak,336,58.4,0.2962481653620352,0.21613767641962378,0.959180454704517,23.14875,23.944524932721702,1.671747023809522,115.08999069609983,0.0,
Valentino,ERCOT,2022,5,OffPeak,408,58.4,0.5247867982809562,0.3024188771856956,1.184969021703884,19.236004901960783,24.464361834523537,-25.946379901960782,102.62471066644373,0.0,
Valentino,ERCOT,2022,5,Peak,336,58.4,0.4655750570776256,0.28596074596532356,1.0896217223252447,33.820565476190474,38.74474962957416,31.633556547619047,246.34730712942488,0.0,
Valentino,ERCOT,2022,6,OffPeak,368,58.4,0.4517616512805242,0.35835093368337717,1.0943759374772368,8.28975543478261,17.225094319827274,-6.060290760869565,16.513131440701912,0.0,
Valentino,ERCOT,2022,6,Peak,352,58.4,0.5014739648194272,0.3460008122330505,1.1387700143954032,17.364801136363635,28.60114552454964,-29.31310227272727,56.338916873250675,0.0,
Valentino,ERCOT,2022,7,OffPeak,424,58.4,0.5381881623158439,0.3141098378042865,1.1876135256863287,15.872193396226415,27.768700701985633,16.339205188679244,159.178192241241,0.0,
Valentino,ERCOT,2022,7,Peak,320,58.4,0.6224208047945206,0.36772219718614335,1.3664578447069342,52.245000000000005,73.53267836452589,17.318059375000004,517.2918338986044,0.0,
Valentino,ERCOT,2022,8,OffPeak,376,58.4,0.4019737321480618,0.33120422332335864,1.0143859127996462,6.257845744680851,14.960960820754188,-1.8516117021276597,17.363158011322597,0.0,
Valentino,ERCOT,2022,8,Peak,368,58.4,0.4533343880285884,0.3497765752431577,1.1486955436651611,23.052472826086955,41.010458520204416,-16.77627989130435,82.76759411220723,0.0,
Valentino,ERCOT,2022,9,OffPeak,384,58.4,0.11858768550228312,0.13881614639564882,1.138696703724637,0.04848958333333334,0.8369051590963096,-1.5330494791666667,12.474112726920346,0.0,
Valentino,ERCOT,2022,9,Peak,336,58.4,0.17146220645792565,0.1707139184896144,1.0647754871199957,0.9587797619047613,3.561662197773939,-8.2023125,45.355842534545324,0.0,
Valentino,ERCOT,2022,10,OffPeak,408,58.4,0.2761549825409616,0.29127675917646856,0.9654693337097183,5.648627450980393,11.468810994602187,0.34151470588235283,25.39608982487075,0.0,
Valentino,ERCOT,2022,10,Peak,336,58.4,0.25824058219178087,0.2816804660264081,0.8945857349211989,5.293065476190476,11.944824288838344,1.1691875000000007,56.040985763304946,0.0,
Valentino,ERCOT,2022,11,OffPeak,385,58.4,0.4473314356876001,0.3748009383752164,1.0132365043350702,8.307454545454545,13.955266339556353,1.0153740259740263,33.661703377833405,0.0,
Valentino,ERCOT,2022,11,Peak,336,58.4,0.5102892612524462,0.3861657138774006,1.0448264761718857,8.198928571428572,12.803860170531562,-8.334080357142858,28.027637314751576,0.0,
Valentino,ERCOT,2022,12,OffPeak,408,58.4,0.22436543110394844,0.26265034316793573,1.4714618083037607,4.980441176470589,14.747592442550351,-35.857240196078436,214.11225438243466,0.0,
Valentino,ERCOT,2022,12,Peak,336,58.4,0.32064375407697326,0.32741794577873995,1.0578023027122858,8.655505952380953,21.116944975928273,15.819842261904759,182.0787034787031,0.0,
Valentino,ERCOT,2023,1,OffPeak,408,58.4,0.38305801772763903,0.3368547048758983,0.9737700959672924,6.381985294117647,8.46024010496687,-0.27380147058823534,11.334078807951826,0.0,
Valentino,ERCOT,2023,1,Peak,336,58.4,0.35721930039138944,0.33441298364451094,1.0741317312321539,7.680654761904761,13.102103517562837,-3.0637232142857145,17.751687024244852,0.0,
Valentino,ERCOT,2023,2,OffPeak,352,58.4,0.31497120174346205,0.28380336337818124,1.0454432419672395,3.9203977272727273,6.983657998759786,-1.753025568181818,11.112503699411302,0.019886363636363636,
Valentino,ERCOT,2023,2,Peak,320,58.4,0.4076145119863014,0.3672295324514097,1.0094003275127992,10.04678125,11.525341247055955,-2.9654218750000005,20.338382388989885,0.0,
Valentino,ERCOT,2023,3,OffPeak,375,58.4,0.4652831050228311,0.3522963042323955,1.0584333048575618,5.510399999999999,8.971107461785813,0.25236533333333333,14.784483602510868,0.0,
Valentino,ERCOT,2023,3,Peak,368,58.4,0.5130378945801073,0.35022226097214776,0.9260648812711614,13.45021739130435,13.633404018429292,0.9191576086956527,28.633797976485724,0.0,
Valentino,ERCOT,2023,4,OffPeak,400,58.4,0.26326626712328766,0.2990143436065376,0.9925275490000484,2.819725,6.75087352924751,-2.9895175,9.987403968236974,0.0,
Valentino,ERCOT,2023,4,Peak,320,58.4,0.42390839041095896,0.42716196395759,0.9610123370508352,5.01221875,11.008889984829532,-5.235778125,20.691499294873232,0.0,
Valentino,ERCOT,2023,5,OffPeak,392,58.4,0.25356007128878955,0.25064444293910165,1.0048310555235522,3.64609693877551,10.765760103657552,-0.5449974489795917,11.043999477212903,0.0,
Valentino,ERCOT,2023,5,Peak,352,58.4,0.3014671544209216,0.24688108572584735,1.0568434562839417,6.516448863636362,18.783821815524593,2.2908579545454533,52.22354877481074,0.0,
Valentino,ERCOT,2023,6,OffPeak,368,58.4,0.5323667361524717,0.3445144258182932,1.2579210154329774,8.74532608695652,24.415931266713912,-10.099562500000001,45.1961658350221,0.0,
Valentino,ERCOT,2023,6,Peak,352,58.4,0.6397007316313824,0.42035012050149567,1.5760367594625644,27.2115625,64.31786880781256,-9.941374999999995,274.4563468925582,0.0,
Valentino,ERCOT,2023,7,OffPeak,424,58.4,0.4912202765572499,0.3336262776982193,1.2985705843850504,9.177995283018868,20.76925930083726,-15.86123349056604,43.15337349599488,0.0,
Valentino,ERCOT,2023,7,Peak,320,58.4,0.5866973458904109,0.39300090791180475,1.2715811785520024,20.380593750000003,31.67541413738552,-12.603371874999999,144.23016391020107,0.0,
Valentino,ERCOT,2023,8,OffPeak,376,58.4,0.35560423345963277,0.3367124119371769,0.8904220012507629,24.50630319148936,93.96649929787299,-70.76252393617021,356.2348921945286,0.0,
Valentino,ERCOT,2023,8,Peak,368,58.4,0.3861673615247171,0.3631696795877423,1.2336516507326383,59.947635869565225,141.23884824289232,-81.73453532608696,540.4388370629059,0.0,
Valentino,ERCOT,2023,9,OffPeak,400,58.4,0.3081849315068493,0.30445336639388987,1.3776248578120764,3.65215,15.424558580263813,0.34576999999999997,44.955618893775736,0.0,
Valentino,ERCOT,2023,9,Peak,320,58.4,0.3475545804794521,0.3258060935414343,1.325411642391834,15.509968749999999,58.81902755225878,34.16309375000001,391.70988698501003,0.0,
Valentino,ERCOT,2023,10,OffPeak,392,58.4,0.332781485882024,0.28507841888907104,1.0262278917007468,3.675841836734694,8.346091343959968,-2.9117193877551015,13.108021902727558,0.0,
Valentino,ERCOT,2023,10,Peak,352,58.4,0.3061468711083437,0.33241496243998897,1.0928613644158882,9.601107954545455,23.810307295933292,-9.363261363636363,49.395529397636835,0.0,
Valentino,ERCOT,2023,11,OffPeak,385,58.4,0.2944538338373955,0.2785563257324374,1.0106388048132497,2.7138441558441557,6.292255183012633,1.5079636363636364,18.291697794830974,0.0,
Valentino,ERCOT,2023,11,Peak,336,58.4,0.3333282371167645,0.3062576586102379,0.981451202556332,7.51514880952381,17.607406700705763,-4.062464285714286,29.792400751868165,0.0,
Valentino,ERCOT,2023,12,OffPeak,424,58.4,0.18546459033341947,0.23083775793133732,0.887129741544146,2.758042452830188,7.335690252327924,-0.07746226415094325,11.055300125879764,0.0,
Valentino,ERCOT,2023,12,Peak,320,58.4,0.24148116438356163,0.2721171760096748,0.9086013766685479,2.166375,4.4968620180526315,-0.37300312499999977,25.29296165823867,0.0,
Valentino,ERCOT,2024,1,OffPeak,392,58.4,0.2971764048084987,0.32311613885151164,1.5755970446178398,9.382551020408163,33.43826761048229,-1.20390306122449,34.18993253955954,0.002551020408163265,
Valentino,ERCOT,2024,1,Peak,352,58.4,0.3277552926525529,0.3420684565039145,2.0032508817252483,16.79997159090909,82.70970216481814,-16.34732102272727,123.98631583526033,0.0,
Valentino,ERCOT,2024,2,OffPeak,360,58.4,0.31929699391171995,0.32760001906938097,1.1680261105601424,5.624777777777778,6.794172249225879,-0.901675,7.459643366163572,0.016666666666666666,
Valentino,ERCOT,2024,2,Peak,336,58.4,0.3198538405088063,0.30025611026092713,1.0148236488821791,7.329315476190477,9.922624975060787,0.9458005952380952,13.090411178751253,0.0,
Valentino,ERCOT,2024,3,OffPeak,407,58.4,0.347514388610279,0.3320753418472286,1.0828016706093002,5.217027027027027,8.299966066567038,0.7515601965601967,13.774059452416608,0.014742014742014743,
Valentino,ERCOT,2024,3,Peak,336,58.4,0.3441322162426615,0.30597599686754073,1.0165814116758278,6.981666666666667,12.178606844652506,-1.1135833333333334,41.121267771329634,0.0,
Valentino,ERCOT,2024,4,OffPeak,368,58.4,0.3281668776057177,0.3233626320336862,1.4797782913574937,9.17320652173913,13.341132643367049,2.394535326086957,39.38770952745174,0.01358695652173913,
Valentino,ERCOT,2024,4,Peak,352,58.4,0.44697618306351183,0.37943454213722655,1.2784737148424345,12.298948863636362,13.454368094759651,0.494204545454545,54.81781838268689,0.0,
Valentino,ERCOT,2024,5,OffPeak,392,58.4,0.50356443947442,0.3552624771454141,1.1437047959763809,6.860127551020408,23.5699558909176,-5.179025510204081,88.04695009631381,0.0,
Valentino,ERCOT,2024,5,Peak,352,58.4,0.4608110211706103,0.372879376871774,1.0078589159150826,14.589062499999999,31.71998650004496,-6.359181818181819,106.75669532947593,0.0,
Valentino,ERCOT,2024,6,OffPeak,400,58.4,0.44412243150684927,0.3569019211710756,0.9869621482867688,5.4019,10.670977405419215,-2.426720000000001,12.047925369576173,0.0,
Valentino,ERCOT,2024,6,Peak,320,58.4,0.39555329623287666,0.4053404778486832,0.9585459375403652,12.14884375,15.843071037927384,-4.637524999999999,33.203933274665886,0.0,
Valentino,ERCOT,2024,7,OffPeak,392,58.4,0.37476848616158787,0.32465884244051507,1.0996919145768265,1.6141581632653061,7.081911167591845,0.38214540816326525,16.39154330048398,0.0,
Valentino,ERCOT,2024,7,Peak,352,58.4,0.36954195205479456,0.3683885690761763,1.0344610364625908,0.40789772727272733,12.162347136780399,-0.8997272727272733,17.12095756766163,0.0,
Valentino,ERCOT,2024,8,OffPeak,392,58.4,0.21476184651942967,0.20476619535964652,1.1474354830359585,1.0315816326530616,6.641604553647222,-1.732372448979592,9.37092168801564,0.0,
Valentino,ERCOT,2024,8,Peak,352,58.4,0.31496633717310085,0.28987420362187694,1.2912752511825198,5.921676136363636,19.22497680310691,4.103397727272727,159.63863440934554,0.0,
Valentino,ERCOT,2024,9,OffPeak,400,58.4,0.23232020547945204,0.23733096103689585,1.025706948458342,1.08655,3.434236968584285,0.3364999999999999,6.763235635452282,0.0,
Valentino,ERCOT,2024,9,Peak,320,58.4,0.26141374143835616,0.2716788539936148,1.002548870120042,0.0183749999999999,4.953093759456674,-1.6299593749999999,15.893527473473867,0.0,
Valentino,ERCOT,2024,10,OffPeak,376,58.4,0.2731710871466045,0.28525177953412,0.9758888742784586,0.36944148936170196,2.6499497266742074,0.24266489361702157,7.588724492522064,0.0,
Valentino,ERCOT,2024,10,Peak,368,58.4,0.30977330256104824,0.32116573043967184,0.99568295254733,0.5526358695652176,6.595234540661862,-4.966885869565217,23.290815423184675,0.0,
Valentino,ERCOT,2024,11,OffPeak,401,58.4,0.2989615003586923,0.29430205467544207,0.9187376070071713,5.865336658354114,11.43449167863958,11.976970074812966,101.64995527246484,0.0,
Valentino,ERCOT,2024,11,Peak,320,58.4,0.2629869434931507,0.26996497384744195,1.0192418384933464,1.3022812499999996,10.354363615247598,-1.508834375,18.621013807948408,0.0,
Valentino,ERCOT,2024,12,OffPeak,408,58.4,0.3418278270212194,0.28800750398706093,0.998117445629258,1.8870588235294117,5.832122617665846,1.9754632352941175,18.58973062833418,0.0,
Valentino,ERCOT,2024,12,Peak,336,58.4,0.3493405495759948,0.32070704435680714,1.044762383804074,4.974613095238095,9.612184983049657,-1.9947767857142857,10.555016682079753,0.0,
