asset,market,year,month,block,hours_block,rated_mw,forward_hub,avg_generation_MW,predicted_price,predicted_revenue,P50,P75
Howling Gale,CAISO,2026,1,Peak,352,100.0,66.38,37.271115384615385,87.34134266700735,1145868.8596570203,1140571.340275985,1034882.8124472526
Howling Gale,CAISO,2026,1,OffPeak,392,100.0,59.84,10.156842030629608,82.95770665964035,330294.6221319885,329305.64607710834,294665.9368437918
Howling Gale,CAISO,2026,2,Peak,320,100.0,66.38,48.795920138888896,46.82576695661808,731170.0431543547,730582.1930313229,663916.9189777779
Howling Gale,CAISO,2026,2,OffPeak,352,100.0,59.84,10.437446821821823,50.14634952074715,184236.7494638136,185527.48647538223,165949.1050762348
Howling Gale,CAISO,2026,3,Peak,352,100.0,47.9,54.644527540360876,37.774367945105475,726585.1963026064,724752.5957461956,653617.991381202
Howling Gale,CAISO,2026,3,OffPeak,392,100.0,37.77,11.008962571822835,46.82573743981081,202077.0940221691,201349.5386956174,183262.32586164883
Howling Gale,CAISO,2026,4,Peak,352,100.0,47.59,63.917112179487184,33.2533043093586,748160.2240217242,744074.9727263001,669317.7179258286
Howling Gale,CAISO,2026,4,OffPeak,368,100.0,36.67,14.49873355263158,46.82569171280536,249840.06774268116,251551.82516412198,224154.74141028017
Howling Gale,CAISO,2026,5,Peak,336,100.0,49.0,70.05059615384614,25.91069755752573,609860.0963840054,607942.7950925746,544030.917188179
Howling Gale,CAISO,2026,5,OffPeak,408,100.0,37.22,18.54545519001702,33.25309187982781,251611.03995784107,252363.56750345268,224248.93884093143
Howling Gale,CAISO,2026,6,Peak,352,100.0,52.13,72.90178525641026,39.12213185146207,1003929.7857629062,1006384.1001647429,913774.6871485192
Howling Gale,CAISO,2026,6,OffPeak,368,100.0,39.89,16.39139254385965,40.16325803075483,242266.07598585275,242069.72383940677,217990.26001439028
Howling Gale,CAISO,2026,7,Peak,368,100.0,79.1,71.14072115384614,70.88334367959565,1855710.7248757475,1856821.9284883337,1671120.744697028
Howling Gale,CAISO,2026,7,OffPeak,376,100.0,50.15,19.817505672149746,54.5570128998039,406525.15113662643,410884.2724445383,366348.74200309865
Howling Gale,CAISO,2026,8,Peak,336,100.0,112.37,65.95586419753086,80.56344622862042,1785380.2574966294,1801383.349929172,1619559.5801254513
Howling Gale,CAISO,2026,8,OffPeak,408,100.0,66.49,12.899145299145298,60.80957327429209,320031.7406675995,321212.47793195036,288192.6794681359
Howling Gale,CAISO,2026,9,Peak,352,100.0,60.22,58.828711805555564,69.31758552844599,1435408.2202626842,1437719.0464313393,1276592.0023939374
Howling Gale,CAISO,2026,9,OffPeak,368,100.0,42.0,15.588789682539682,57.101914843140996,327575.10467328585,326716.189270237,293501.7808234246
Howling Gale,CAISO,2026,10,Peak,352,100.0,44.56,50.89342355175688,51.69741752125687,926132.6153873526,928733.5660671755,829587.4760204229
Howling Gale,CAISO,2026,10,OffPeak,392,100.0,36.83,11.846258077965397,51.488721186322145,239099.88227681007,238574.1591377884,217316.4102940165
Howling Gale,CAISO,2026,11,Peak,336,100.0,45.37,40.63666666666666,54.557014437505224,744917.1105685412,746080.4985608645,674828.4063898224
Howling Gale,CAISO,2026,11,OffPeak,384,100.0,36.62,9.99595015576324,58.0879811268141,222967.51257313899,224420.16016349316,201927.433223844
Howling Gale,CAISO,2026,12,Peak,368,100.0,51.64,31.465448717948718,114.18489536198796,1322179.460730726,1310627.828771188,1181813.9542072688
Howling Gale,CAISO,2026,12,OffPeak,376,100.0,41.75,7.342912176214785,112.43687523142913,310430.9016723437,315837.3450770818,284077.2320566858
Howling Gale,CAISO,2027,1,Peak,336,100.0,83.9,37.271115384615385,87.34134266700735,1093783.911490792,1097479.671726075,986968.3870772085
Howling Gale,CAISO,2027,1,OffPeak,408,100.0,71.66,10.156842030629608,82.95770665964035,343776.03528023296,345807.04836258054,312036.8025267696
Howling Gale,CAISO,2027,2,Peak,320,100.0,79.46,48.795920138888896,46.82576695661808,731170.0431543547,730099.9620818474,659195.9061658252
Howling Gale,CAISO,2027,2,OffPeak,352,100.0,67.44,10.437446821821823,50.14634952074715,184236.7494638136,183221.222309358,166053.601385908
Howling Gale,CAISO,2027,3,Peak,368,100.0,46.26,54.644527540360876,37.774367945105475,759611.796134543,746579.7539102254,678981.0379659571
Howling Gale,CAISO,2027,3,OffPeak,376,100.0,35.8,11.008962571822835,46.82573743981081,193829.04936820304,193640.19940597092,173229.45711569127
Howling Gale,CAISO,2027,4,Peak,352,100.0,44.53,63.917112179487184,33.2533043093586,748160.2240217242,751305.3692822888,676242.6944687996
Howling Gale,CAISO,2027,4,OffPeak,368,100.0,32.47,14.49873355263158,46.82569171280536,249840.06774268116,250414.26494744775,224362.16125742087
Howling Gale,CAISO,2027,5,Peak,336,100.0,45.63,70.05059615384614,25.91069755752573,609860.0963840054,611899.6882274514,546128.9732567216
Howling Gale,CAISO,2027,5,OffPeak,408,100.0,38.31,18.54545519001702,33.25309187982781,251611.03995784107,252586.8799259147,226245.35508033037
Howling Gale,CAISO,2027,6,Peak,352,100.0,51.39,72.90178525641026,39.12213185146207,1003929.7857629062,1014369.9329567422,912847.0920372119
Howling Gale,CAISO,2027,6,OffPeak,368,100.0,44.21,16.39139254385965,40.16325803075483,242266.07598585275,241049.2328761624,218364.673406421
Howling Gale,CAISO,2027,7,Peak,352,100.0,77.52,71.14072115384614,70.88334367959565,1775027.6498811496,1775605.5650210537,1592124.0358989
Howling Gale,CAISO,2027,7,OffPeak,392,100.0,58.43,19.817505672149746,54.5570128998039,423824.09373818495,424072.80580000684,381024.79982465424
Howling Gale,CAISO,2027,8,Peak,352,100.0,104.08,65.95586419753086,80.56344622862042,1870398.3649964689,1866436.8429005586,1683840.905058243
Howling Gale,CAISO,2027,8,OffPeak,392,100.0,60.8,12.899145299145298,60.80957327429209,307481.4763276936,307999.0808181282,278871.0957542483
Howling Gale,CAISO,2027,9,Peak,352,100.0,56.94,58.828711805555564,69.31758552844599,1435408.2202626842,1437222.633467672,1288394.669527837
Howling Gale,CAISO,2027,9,OffPeak,368,100.0,45.66,15.588789682539682,57.101914843140996,327575.10467328585,326365.2425425709,294625.7746341296
Howling Gale,CAISO,2027,10,Peak,336,100.0,44.31,50.89342355175688,51.69741752125687,884035.6783242912,885439.9455047494,797423.4044186391
Howling Gale,CAISO,2027,10,OffPeak,408,100.0,35.09,11.846258077965397,51.488721186322145,248859.0611452513,247254.98807704472,223214.3126442781
Howling Gale,CAISO,2027,11,Peak,352,100.0,43.53,40.63666666666666,54.557014437505224,780389.3539289479,785414.0792041661,705180.3663344289
Howling Gale,CAISO,2027,11,OffPeak,368,100.0,32.74,9.99595015576324,58.0879811268141,213677.19954925822,213874.2750724282,191036.98175344113
Howling Gale,CAISO,2027,12,Peak,368,100.0,50.65,31.465448717948718,114.18489536198796,1322179.460730726,1315205.3049907493,1190144.053431689
Howling Gale,CAISO,2027,12,OffPeak,376,100.0,37.75,7.342912176214785,112.43687523142913,310430.9016723437,311923.8047171476,279266.76569984265
Howling Gale,CAISO,2028,1,Peak,336,100.0,83.84,37.271115384615385,87.34134266700735,1093783.911490792,1091300.7514993516,982364.9469744002
Howling Gale,CAISO,2028,1,OffPeak,408,100.0,70.75,10.156842030629608,82.95770665964035,343776.03528023296,341568.982423256,303048.2238749524
Howling Gale,CAISO,2028,2,Peak,336,100.0,81.57,48.795920138888896,46.82576695661808,767728.5453120724,767275.6186761489,688272.6872704352
Howling Gale,CAISO,2028,2,OffPeak,360,100.0,68.58,10.437446821821823,50.14634952074715,188423.9483152639,186738.68808819854,170030.652205634
Howling Gale,CAISO,2028,3,Peak,368,100.0,49.16,54.644527540360876,37.774367945105475,759611.796134543,770383.6962420768,693719.0917986218
Howling Gale,CAISO,2028,3,OffPeak,376,100.0,40.51,11.008962571822835,46.82573743981081,193829.04936820304,194279.09020934906,176161.5280486061
Howling Gale,CAISO,2028,4,Peak,320,100.0,47.9,63.917112179487184,33.2533043093586,680145.6582015674,673957.5041588843,606503.525905548
Howling Gale,CAISO,2028,4,OffPeak,400,100.0,32.74,14.49873355263158,46.82569171280536,271565.2910246534,274347.2428133694,245947.28224966055
Howling Gale,CAISO,2028,5,Peak,368,100.0,46.66,70.05059615384614,25.91069755752573,667942.0103253392,672037.0596120441,602146.9540789763
Howling Gale,CAISO,2028,5,OffPeak,376,100.0,33.94,18.54545519001702,33.25309187982781,231876.84074546138,233233.0138184657,209657.75549883983
Howling Gale,CAISO,2028,6,Peak,352,100.0,53.5,72.90178525641026,39.12213185146207,1003929.7857629062,1006757.5425817999,904458.3236997707
Howling Gale,CAISO,2028,6,OffPeak,368,100.0,39.59,16.39139254385965,40.16325803075483,242266.07598585275,241313.5189935831,217590.03736995027
Howling Gale,CAISO,2028,7,Peak,336,100.0,73.6,71.14072115384614,70.88334367959565,1694344.574886552,1691715.6093718968,1501987.6515991886
Howling Gale,CAISO,2028,7,OffPeak,408,100.0,50.28,19.817505672149746,54.5570128998039,441123.0363397435,440244.1469026461,395744.6733763765
Howling Gale,CAISO,2028,8,Peak,368,100.0,97.57,65.95586419753086,80.56344622862042,1955416.4724963084,1966809.9631201145,1759642.8652168494
Howling Gale,CAISO,2028,8,OffPeak,376,100.0,56.06,12.899145299145298,60.80957327429209,294931.21198778774,294642.12499900535,268968.5095090801
Howling Gale,CAISO,2028,9,Peak,336,100.0,59.14,58.828711805555564,69.31758552844599,1370162.3920689258,1372437.653483107,1230462.7856641507
Howling Gale,CAISO,2028,9,OffPeak,384,100.0,42.5,15.588789682539682,57.101914843140996,341817.50052864605,340430.053576238,309317.1888378789
Howling Gale,CAISO,2028,10,Peak,352,100.0,46.49,50.89342355175688,51.69741752125687,926132.6153873526,939333.529127425,843900.9781958639
Howling Gale,CAISO,2028,10,OffPeak,392,100.0,38.32,11.846258077965397,51.488721186322145,239099.88227681007,237648.5273178579,213234.88506545406
Howling Gale,CAISO,2028,11,Peak,352,100.0,44.12,40.63666666666666,54.557014437505224,780389.3539289479,787151.3995202798,706024.7098017884
Howling Gale,CAISO,2028,11,OffPeak,368,100.0,38.15,9.99595015576324,58.0879811268141,213677.19954925822,214325.08720272162,192251.22070851555
Howling Gale,CAISO,2028,12,Peak,336,100.0,49.49,31.465448717948718,114.18489536198796,1207207.3337106626,1210254.7772427918,1080616.1812911164
Howling Gale,CAISO,2028,12,OffPeak,408,100.0,42.35,7.342912176214785,112.43687523142913,336850.5528785006,338235.1366640233,303546.5097775959
Howling Gale,CAISO,2029,1,Peak,368,100.0,87.82,37.271115384615385,87.34134266700735,1197953.8078232484,1204983.9915534812,1089420.5677996876
Howling Gale,CAISO,2029,1,OffPeak,376,100.0,64.29,10.156842030629608,82.95770665964035,316813.2089837441,314873.78331461933,282786.26823792246
Howling Gale,CAISO,2029,2,Peak,320,100.0,79.89,48.795920138888896,46.82576695661808,731170.0431543547,732171.0918451734,662606.6644807148
Howling Gale,CAISO,2029,2,OffPeak,352,100.0,65.84,10.437446821821823,50.14634952074715,184236.7494638136,185964.41289942464,167843.4571374501
Howling Gale,CAISO,2029,3,Peak,352,100.0,42.17,54.644527540360876,37.774367945105475,726585.1963026064,723764.8647026088,656263.2806908569
Howling Gale,CAISO,2029,3,OffPeak,392,100.0,34.67,11.008962571822835,46.82573743981081,202077.0940221691,200051.15618972576,180264.79717299587
Howling Gale,CAISO,2029,4,Peak,336,100.0,41.37,63.917112179487184,33.2533043093586,714152.9411116458,717358.5434205566,643233.2240653639
Howling Gale,CAISO,2029,4,OffPeak,384,100.0,31.12,14.49873355263158,46.82569171280536,260702.6793836673,262858.167685342,235555.8618626182
Howling Gale,CAISO,2029,5,Peak,368,100.0,42.5,70.05059615384614,25.91069755752573,667942.0103253392,668711.8724285052,599181.7104750912
Howling Gale,CAISO,2029,5,OffPeak,376,100.0,31.01,18.54545519001702,33.25309187982781,231876.84074546138,233931.58115609473,212579.2899732248
Howling Gale,CAISO,2029,6,Peak,336,100.0,54.39,72.90178525641026,39.12213185146207,958296.6136827741,955007.0555074573,853372.160854826
Howling Gale,CAISO,2029,6,OffPeak,384,100.0,37.63,16.39139254385965,40.16325803075483,252799.38363741155,250559.09675687295,227532.05247199914
Howling Gale,CAISO,2029,7,Peak,352,100.0,69.72,71.14072115384614,70.88334367959565,1775027.6498811496,1769901.691702132,1612101.8286493225
Howling Gale,CAISO,2029,7,OffPeak,392,100.0,50.99,19.817505672149746,54.5570128998039,423824.09373818495,422866.7457198469,385491.03177164827
Howling Gale,CAISO,2029,8,Peak,368,100.0,86.06,65.95586419753086,80.56344622862042,1955416.4724963084,1964608.8413597469,1772867.3125950117
Howling Gale,CAISO,2029,8,OffPeak,376,100.0,58.32,12.899145299145298,60.80957327429209,294931.21198778774,294390.4516486218,265096.8845750031
Howling Gale,CAISO,2029,9,Peak,320,100.0,61.47,58.828711805555564,69.31758552844599,1304916.5638751674,1306931.765240802,1177995.6305004132
Howling Gale,CAISO,2029,9,OffPeak,400,100.0,41.97,15.588789682539682,57.101914843140996,356059.8963840063,356746.5056373198,320585.0133313878
Howling Gale,CAISO,2029,10,Peak,368,100.0,42.43,50.89342355175688,51.69741752125687,968229.5524504142,974365.4657817608,880432.3572246938
Howling Gale,CAISO,2029,10,OffPeak,376,100.0,34.77,11.846258077965397,51.488721186322145,229340.70340836886,229944.66227337057,206810.2178180897
Howling Gale,CAISO,2029,11,Peak,352,100.0,40.04,40.63666666666666,54.557014437505224,780389.3539289479,782346.6157350265,703122.636391916
Howling Gale,CAISO,2029,11,OffPeak,368,100.0,35.34,9.99595015576324,58.0879811268141,213677.19954925822,214008.6435659002,191736.32980568853
Howling Gale,CAISO,2029,12,Peak,336,100.0,44.6,31.465448717948718,114.18489536198796,1207207.3337106626,1203628.0996420807,1081359.3880105906
Howling Gale,CAISO,2029,12,OffPeak,408,100.0,41.59,7.342912176214785,112.43687523142913,336850.5528785006,335853.41192451003,301568.9419876565
Howling Gale,CAISO,2030,1,Peak,368,100.0,77.81,37.271115384615385,87.34134266700735,1197953.8078232484,1187032.6943156405,1054455.7389316822
Howling Gale,CAISO,2030,1,OffPeak,376,100.0,62.01,10.156842030629608,82.95770665964035,316813.2089837441,318173.69126590836,284925.83652493625
Howling Gale,CAISO,2030,2,Peak,320,100.0,81.01,48.795920138888896,46.82576695661808,731170.0431543547,731153.3342978484,661328.5912505188
Howling Gale,CAISO,2030,2,OffPeak,352,100.0,65.52,10.437446821821823,50.14634952074715,184236.7494638136,183103.21785097133,165705.4772430949
Howling Gale,CAISO,2030,3,Peak,336,100.0,42.07,54.644527540360876,37.774367945105475,693558.5964706697,693447.790283534,627902.3315787216
Howling Gale,CAISO,2030,3,OffPeak,408,100.0,32.74,11.008962571822835,46.82573743981081,210325.1386761352,210141.4592665239,191148.59542406403
Howling Gale,CAISO,2030,4,Peak,352,100.0,38.74,63.917112179487184,33.2533043093586,748160.2240217242,749404.8425301965,671385.4144682577
Howling Gale,CAISO,2030,4,OffPeak,368,100.0,29.38,14.49873355263158,46.82569171280536,249840.06774268116,248108.34878351874,224657.7467449071
Howling Gale,CAISO,2030,5,Peak,368,100.0,46.17,70.05059615384614,25.91069755752573,667942.0103253392,669305.0793643701,603209.9450761457
Howling Gale,CAISO,2030,5,OffPeak,376,100.0,30.84,18.54545519001702,33.25309187982781,231876.84074546138,232890.11708536092,208216.5513038045
Howling Gale,CAISO,2030,6,Peak,320,100.0,58.45,72.90178525641026,39.12213185146207,912663.441602642,919830.3001582166,820589.3602250414
Howling Gale,CAISO,2030,6,OffPeak,400,100.0,35.21,16.39139254385965,40.16325803075483,263332.69128897035,263894.0176351841,236467.899429825
Howling Gale,CAISO,2030,7,Peak,368,100.0,68.72,71.14072115384614,70.88334367959565,1855710.7248757475,1875372.5842284465,1677579.1881689457
Howling Gale,CAISO,2030,7,OffPeak,376,100.0,48.46,19.817505672149746,54.5570128998039,406525.15113662643,403822.94609925733,361560.1751257071
Howling Gale,CAISO,2030,8,Peak,352,100.0,87.21,65.95586419753086,80.56344622862042,1870398.3649964689,1902073.4063922667,1667374.8320457092
Howling Gale,CAISO,2030,8,OffPeak,392,100.0,57.24,12.899145299145298,60.80957327429209,307481.4763276936,311654.08973609575,282589.3515830734
Howling Gale,CAISO,2030,9,Peak,336,100.0,65.01,58.828711805555564,69.31758552844599,1370162.3920689258,1361547.2504112688,1221384.0014966181
Howling Gale,CAISO,2030,9,OffPeak,384,100.0,39.84,15.588789682539682,57.101914843140996,341817.50052864605,339099.2237087896,305147.608894018
Howling Gale,CAISO,2030,10,Peak,368,100.0,40.58,50.89342355175688,51.69741752125687,968229.5524504142,980212.8492658546,882072.5313135504
Howling Gale,CAISO,2030,10,OffPeak,376,100.0,32.91,11.846258077965397,51.488721186322145,229340.70340836886,228149.0217862426,203703.22694264917
Howling Gale,CAISO,2030,11,Peak,336,100.0,36.06,40.63666666666666,54.557014437505224,744917.1105685412,751645.5839102056,673054.4174937429
Howling Gale,CAISO,2030,11,OffPeak,384,100.0,33.84,9.99595015576324,58.0879811268141,222967.51257313899,222402.6241291978,200500.68031968732
Howling Gale,CAISO,2030,12,Peak,352,100.0,43.55,31.465448717948718,114.18489536198796,1264693.3972206942,1274492.024683631,1150543.5392497503
Howling Gale,CAISO,2030,12,OffPeak,392,100.0,40.48,7.342912176214785,112.43687523142913,323640.7272754222,326641.2792833105,290928.13648411556
Mantero,MISO,2026,1,Peak,352,71.4,66.38,17.857431457431456,44.23871799880302,278076.435798749,278190.3486828131,252445.58146031795
Mantero,MISO,2026,1,OffPeak,392,71.4,59.84,17.770774976657332,32.52446561192967,226570.10417324764,227831.14198771297,204202.85885623714
Mantero,MISO,2026,2,Peak,320,71.4,66.38,26.79023313492063,31.04404826865257,266136.7329820581,267254.13970816124,241389.29293915216
Mantero,MISO,2026,2,OffPeak,352,71.4,59.84,24.380378787878787,24.605135385381406,211158.64732956875,212025.1700296832,189635.35188587644
Mantero,MISO,2026,3,Peak,352,71.4,47.9,23.398632677708765,28.802582082752206,237227.2454900039,239650.30740441685,216443.4960566648
Mantero,MISO,2026,3,OffPeak,392,71.4,37.77,25.841988249200387,23.833403442760172,241433.7924288541,241127.06891399156,215861.77841705302
Mantero,MISO,2026,4,Peak,352,71.4,47.59,14.665607413419915,33.253374066006096,171663.68708672287,170274.67109314416,152732.26539603778
Mantero,MISO,2026,4,OffPeak,368,71.4,36.67,13.335260114734298,24.882327122501174,122106.92803335378,122485.6893761597,110363.79715043958
Mantero,MISO,2026,5,Peak,336,71.4,49.0,21.474260461760462,39.31232737790401,283652.2609102921,283027.7823029361,252390.2563627985
Mantero,MISO,2026,5,OffPeak,408,71.4,37.22,22.408723489395758,24.850375917553457,227201.00263794986,224934.87420743966,202864.017201088
Mantero,MISO,2026,6,Peak,352,71.4,52.13,19.648143939393936,46.354501234709076,320594.529199429,323943.9703985061,289153.5366079279
Mantero,MISO,2026,6,OffPeak,368,71.4,39.89,23.190336956521737,24.84764767957526,212050.91859399315,212442.43469966145,190829.88174997002
Mantero,MISO,2026,7,Peak,368,71.4,79.1,14.046534090909091,54.0642212216651,279464.6929477936,279476.87001889246,250476.1324804814
Mantero,MISO,2026,7,OffPeak,376,71.4,50.15,20.908227441920165,31.387133024670455,246749.74282713467,246431.7307519095,221475.40716490263
Mantero,MISO,2026,8,Peak,336,71.4,112.37,15.834547924901187,55.823322177641984,297002.85563728795,297851.5509540067,268881.6914899787
Mantero,MISO,2026,8,OffPeak,408,71.4,66.49,20.628111883051094,31.385866149425205,264151.91265853815,263447.5032205023,239259.5885985116
Mantero,MISO,2026,9,Peak,352,71.4,60.22,17.808492063492064,45.91146812067307,287800.1335088969,284940.4065070895,257263.363042608
Mantero,MISO,2026,9,OffPeak,368,71.4,42.0,14.877815972222223,29.845386199229093,163404.57216506754,163817.17578278645,147268.09073351597
Mantero,MISO,2026,10,Peak,352,71.4,44.56,21.35827510351967,38.236892880639324,287469.2751914746,287015.10451319057,257019.6905187029
Mantero,MISO,2026,10,OffPeak,392,71.4,36.83,18.973457964746185,25.53843332538776,189944.5373444094,188641.67811217235,169652.77275374165
Mantero,MISO,2026,11,Peak,336,71.4,45.37,20.788189484126985,34.30594830138865,239621.27405056905,239657.4802718567,214869.87123543938
Mantero,MISO,2026,11,OffPeak,384,71.4,36.62,20.355340277777778,23.906573414594327,186864.55170422143,187144.87223211786,167584.45119091452
Mantero,MISO,2026,12,Peak,368,71.4,51.64,23.389171626984133,39.1242871835704,336751.1577209393,333417.4168498046,298986.5515007107
Mantero,MISO,2026,12,OffPeak,376,71.4,41.75,21.81695800961894,29.84535433392073,244826.70069929055,246311.49721390862,223786.26659895226
Mantero,MISO,2027,1,Peak,336,71.4,83.9,17.857431457431456,44.23871799880302,265436.5978078968,264150.501097079,237158.4653230593
Mantero,MISO,2027,1,OffPeak,408,71.4,71.66,17.770774976657332,32.52446561192967,235817.86352725775,235910.6597319014,211701.22200448258
Mantero,MISO,2027,2,Peak,320,71.4,79.46,26.79023313492063,31.04404826865257,266136.7329820581,267795.14540046564,242642.0629661471
Mantero,MISO,2027,2,OffPeak,352,71.4,67.44,24.380378787878787,24.605135385381406,211158.64732956875,212590.28998286388,188651.91413994468
Mantero,MISO,2027,3,Peak,368,71.4,46.26,23.398632677708765,28.802582082752206,248010.3021031859,247230.63093255772,221619.01122994733
Mantero,MISO,2027,3,OffPeak,376,71.4,35.8,25.841988249200387,23.833403442760172,231579.35192155393,233166.15856305626,207019.753690182
Mantero,MISO,2027,4,Peak,352,71.4,44.53,14.665607413419915,33.253374066006096,171663.68708672287,172505.72032331122,154580.4870073368
Mantero,MISO,2027,4,OffPeak,368,71.4,32.47,13.335260114734298,24.882327122501174,122106.92803335378,121552.36475085845,108262.3170306962
Mantero,MISO,2027,5,Peak,336,71.4,45.63,21.474260461760462,39.31232737790401,283652.2609102921,283341.23250102473,255916.0961865028
Mantero,MISO,2027,5,OffPeak,408,71.4,38.31,22.408723489395758,24.850375917553457,227201.00263794986,229423.72728497672,203841.75706698932
Mantero,MISO,2027,6,Peak,352,71.4,51.39,19.648143939393936,46.354501234709076,320594.529199429,320690.00783773354,289743.64151225064
Mantero,MISO,2027,6,OffPeak,368,71.4,44.21,23.190336956521737,24.84764767957526,212050.91859399315,214290.11070090695,192797.9816129044
Mantero,MISO,2027,7,Peak,352,71.4,77.52,14.046534090909091,54.0642212216651,267314.0541239765,265817.1004099068,240976.67878388034
Mantero,MISO,2027,7,OffPeak,392,71.4,58.43,20.908227441920165,31.387133024670455,257249.7318836085,254370.45763361547,229282.90139529118
Mantero,MISO,2027,8,Peak,352,71.4,104.08,15.834547924901187,55.823322177641984,311145.8487628731,310321.18801626976,278156.3530467246
Mantero,MISO,2027,8,OffPeak,392,71.4,60.8,20.628111883051094,31.385866149425205,253793.0141229092,255826.1638115634,227759.1645065892
Mantero,MISO,2027,9,Peak,352,71.4,56.94,17.808492063492064,45.91146812067307,287800.1335088969,286493.8792111846,259300.1153203896
Mantero,MISO,2027,9,OffPeak,368,71.4,45.66,14.877815972222223,29.845386199229093,163404.57216506754,162240.26293432282,146454.02675462858
Mantero,MISO,2027,10,Peak,336,71.4,44.31,21.35827510351967,38.236892880639324,274402.4899554985,275890.0889356525,246176.38884213762
Mantero,MISO,2027,10,OffPeak,408,71.4,35.09,18.973457964746185,25.53843332538776,197697.37560336487,197173.7902172418,179849.6695923217
Mantero,MISO,2027,11,Peak,352,71.4,43.53,20.788189484126985,34.30594830138865,251031.81091011994,251459.50165966793,225256.12820221344
Mantero,MISO,2027,11,OffPeak,368,71.4,32.74,20.355340277777778,23.906573414594327,179078.52871654555,180101.62515148753,162687.31139748346
Mantero,MISO,2027,12,Peak,368,71.4,50.65,23.389171626984133,39.1242871835704,336751.1577209393,338703.19039383787,302960.58395811997
Mantero,MISO,2027,12,OffPeak,376,71.4,37.75,21.81695800961894,29.84535433392073,244826.70069929055,244923.45663584865,219580.95594559895
Mantero,MISO,2028,1,Peak,336,71.4,83.84,17.857431457431456,44.23871799880302,265436.5978078968,267465.5587521207,238236.5350825388
Mantero,MISO,2028,1,OffPeak,408,71.4,70.75,17.770774976657332,32.52446561192967,235817.86352725775,237620.93721143535,215286.40373974352
Mantero,MISO,2028,2,Peak,336,71.4,81.57,26.79023313492063,31.04404826865257,279443.569631161,276900.7072003791,250078.0193111549
Mantero,MISO,2028,2,OffPeak,360,71.4,68.58,24.380378787878787,24.605135385381406,215957.70749614987,216615.19341164356,194231.94494624497
Mantero,MISO,2028,3,Peak,368,71.4,49.16,23.398632677708765,28.802582082752206,248010.3021031859,247873.803483287,221468.06382622317
Mantero,MISO,2028,3,OffPeak,376,71.4,40.51,25.841988249200387,23.833403442760172,231579.35192155393,232061.0925968141,208853.6943824984
Mantero,MISO,2028,4,Peak,320,71.4,47.9,14.665607413419915,33.253374066006096,156057.89735156624,156571.55788501457,140080.91226121713
Mantero,MISO,2028,4,OffPeak,400,71.4,32.74,13.335260114734298,24.882327122501174,132724.92177538454,130501.53298857354,117141.7802000528
Mantero,MISO,2028,5,Peak,368,71.4,46.66,21.474260461760462,39.31232737790401,310666.76194936753,310946.61878900207,278035.99338584475
Mantero,MISO,2028,5,OffPeak,376,71.4,33.94,22.408723489395758,24.850375917553457,209381.31615654205,211037.9451250527,188429.60054934313
Mantero,MISO,2028,6,Peak,352,71.4,53.5,19.648143939393936,46.354501234709076,320594.529199429,321480.1442834751,290257.79640879645
Mantero,MISO,2028,6,OffPeak,368,71.4,39.59,23.190336956521737,24.84764767957526,212050.91859399315,210525.42508893338,188647.31005338166
Mantero,MISO,2028,7,Peak,336,71.4,73.6,14.046534090909091,54.0642212216651,255163.41530015937,256720.96090216096,230663.3066346012
Mantero,MISO,2028,7,OffPeak,408,71.4,50.28,20.908227441920165,31.387133024670455,267749.72094008233,265735.51677237777,239271.2529487533
Mantero,MISO,2028,8,Peak,368,71.4,97.57,15.834547924901187,55.823322177641984,325288.84188845824,321408.8260615432,290019.0974904421
Mantero,MISO,2028,8,OffPeak,376,71.4,56.06,20.628111883051094,31.385866149425205,243434.11558728025,240089.02517483482,213545.39283392212
Mantero,MISO,2028,9,Peak,336,71.4,59.14,17.808492063492064,45.91146812067307,274718.3092584925,274164.7622468055,245790.22435228754
Mantero,MISO,2028,9,OffPeak,384,71.4,42.5,14.877815972222223,29.845386199229093,170509.11878094,170034.02881127346,153553.7848886231
Mantero,MISO,2028,10,Peak,352,71.4,46.49,21.35827510351967,38.236892880639324,287469.2751914746,287226.0757059185,260205.43238728173
Mantero,MISO,2028,10,OffPeak,392,71.4,38.32,18.973457964746185,25.53843332538776,189944.5373444094,189521.52428754367,170082.56599760006
Mantero,MISO,2028,11,Peak,352,71.4,44.12,20.788189484126985,34.30594830138865,251031.81091011994,250299.93854120158,226551.92954506085
Mantero,MISO,2028,11,OffPeak,368,71.4,38.15,20.355340277777778,23.906573414594327,179078.52871654555,178378.3102308354,158862.86856980174
Mantero,MISO,2028,12,Peak,336,71.4,49.49,23.389171626984133,39.1242871835704,307468.4483539011,309201.7510965382,281084.936439603
Mantero,MISO,2028,12,OffPeak,408,71.4,42.35,21.81695800961894,29.84535433392073,265663.0156524216,265480.2535733086,235241.37193568866
Mantero,MISO,2029,1,Peak,368,71.4,87.82,17.857431457431456,44.23871799880302,290716.2737896012,289416.23377086746,255180.31477465056
Mantero,MISO,2029,1,OffPeak,376,71.4,64.29,17.770774976657332,32.52446561192967,217322.34481923754,217854.6762860864,195094.49148552568
Mantero,MISO,2029,2,Peak,320,71.4,79.89,26.79023313492063,31.04404826865257,266136.7329820581,268604.76434214576,241442.20940682347
Mantero,MISO,2029,2,OffPeak,352,71.4,65.84,24.380378787878787,24.605135385381406,211158.64732956875,210995.8159154097,189394.038988993
Mantero,MISO,2029,3,Peak,352,71.4,42.17,23.398632677708765,28.802582082752206,237227.2454900039,237644.89309718984,212897.6943209485
Mantero,MISO,2029,3,OffPeak,392,71.4,34.67,25.841988249200387,23.833403442760172,241433.7924288541,243854.5993124755,218832.26687297097
Mantero,MISO,2029,4,Peak,336,71.4,41.37,14.665607413419915,33.253374066006096,163860.79221914455,165844.99475742737,148455.64286556703
Mantero,MISO,2029,4,OffPeak,384,71.4,31.12,13.335260114734298,24.882327122501174,127415.92490436917,127085.8777432448,114626.49804045053
Mantero,MISO,2029,5,Peak,368,71.4,42.5,21.474260461760462,39.31232737790401,310666.76194936753,313120.7245984457,280572.3037927813
Mantero,MISO,2029,5,OffPeak,376,71.4,31.01,22.408723489395758,24.850375917553457,209381.31615654205,211907.9703321288,189185.05939837237
Mantero,MISO,2029,6,Peak,336,71.4,54.39,19.648143939393936,46.354501234709076,306022.05059945496,304222.6027090852,270181.58497898595
Mantero,MISO,2029,6,OffPeak,384,71.4,37.63,23.190336956521737,24.84764767957526,221270.52375025372,220090.42274449495,196813.29541127238
Mantero,MISO,2029,7,Peak,352,71.4,69.72,14.046534090909091,54.0642212216651,267314.0541239765,269683.5562126179,243794.6481163738
Mantero,MISO,2029,7,OffPeak,392,71.4,50.99,20.908227441920165,31.387133024670455,257249.7318836085,256553.05952531594,231171.7913846759
Mantero,MISO,2029,8,Peak,368,71.4,86.06,15.834547924901187,55.823322177641984,325288.84188845824,330445.58136680006,296325.2521772854
Mantero,MISO,2029,8,OffPeak,376,71.4,58.32,20.628111883051094,31.385866149425205,243434.11558728025,241657.68640937307,217530.15030717602
Mantero,MISO,2029,9,Peak,320,71.4,61.47,17.808492063492064,45.91146812067307,261636.4850080881,260028.8428905041,230992.98564451485
Mantero,MISO,2029,9,OffPeak,400,71.4,41.97,14.877815972222223,29.845386199229093,177613.66539681252,179819.49261769687,161399.95561354692
Mantero,MISO,2029,10,Peak,368,71.4,42.43,21.35827510351967,38.236892880639324,300536.0604274507,300225.53538262635,270331.78185808804
Mantero,MISO,2029,10,OffPeak,376,71.4,34.77,18.973457964746185,25.53843332538776,182191.6990854539,183134.31881175528,163408.77873847802
Mantero,MISO,2029,11,Peak,352,71.4,40.04,20.788189484126985,34.30594830138865,251031.81091011994,251791.74836259903,228579.5917314593
Mantero,MISO,2029,11,OffPeak,368,71.4,35.34,20.355340277777778,23.906573414594327,179078.52871654555,180788.62154178316,162579.1474619662
Mantero,MISO,2029,12,Peak,336,71.4,44.6,23.389171626984133,39.1242871835704,307468.4483539011,307255.06368545047,273214.11728217336
Mantero,MISO,2029,12,OffPeak,408,71.4,41.59,21.81695800961894,29.84535433392073,265663.0156524216,264266.18304457597,237811.27659056414
Mantero,MISO,2030,1,Peak,368,71.4,77.81,17.857431457431456,44.23871799880302,290716.2737896012,287485.19463629706,258520.20594962762
Mantero,MISO,2030,1,OffPeak,376,71.4,62.01,17.770774976657332,32.52446561192967,217322.34481923754,216944.9784626403,196157.23818497482
Mantero,MISO,2030,2,Peak,320,71.4,81.01,26.79023313492063,31.04404826865257,266136.7329820581,266889.3253042321,236588.28091362544
Mantero,MISO,2030,2,OffPeak,352,71.4,65.52,24.380378787878787,24.605135385381406,211158.64732956875,212002.88812598458,190259.70057245722
Mantero,MISO,2030,3,Peak,336,71.4,42.07,23.398632677708765,28.802582082752206,226444.18887682192,226991.0677891598,202572.27885945054
Mantero,MISO,2030,3,OffPeak,408,71.4,32.74,25.841988249200387,23.833403442760172,251288.23293615427,251471.33703495213,226259.18728267003
Mantero,MISO,2030,4,Peak,352,71.4,38.74,14.665607413419915,33.253374066006096,171663.68708672287,172250.72277756326,153782.21474684327
Mantero,MISO,2030,4,OffPeak,368,71.4,29.38,13.335260114734298,24.882327122501174,122106.92803335378,122343.01379515516,110100.11809467143
Mantero,MISO,2030,5,Peak,368,71.4,46.17,21.474260461760462,39.31232737790401,310666.76194936753,310836.35749839304,280514.0143617707
Mantero,MISO,2030,5,OffPeak,376,71.4,30.84,22.408723489395758,24.850375917553457,209381.31615654205,208059.79854538705,186390.03641916226
Mantero,MISO,2030,6,Peak,320,71.4,58.45,19.648143939393936,46.354501234709076,291449.5719994809,291748.7885085172,262093.0189870667
Mantero,MISO,2030,6,OffPeak,400,71.4,35.21,23.190336956521737,24.84764767957526,230490.1289065143,229202.0401353258,207953.52293105397
Mantero,MISO,2030,7,Peak,368,71.4,68.72,14.046534090909091,54.0642212216651,279464.6929477936,279854.83292294294,251985.41881097903
Mantero,MISO,2030,7,OffPeak,376,71.4,48.46,20.908227441920165,31.387133024670455,246749.74282713467,246858.83158730887,221639.5120642531
Mantero,MISO,2030,8,Peak,352,71.4,87.21,15.834547924901187,55.823322177641984,311145.8487628731,315478.2219313772,285932.31726002024
Mantero,MISO,2030,8,OffPeak,392,71.4,57.24,20.628111883051094,31.385866149425205,253793.0141229092,255298.72799770796,226743.36956155382
Mantero,MISO,2030,9,Peak,336,71.4,65.01,17.808492063492064,45.91146812067307,274718.3092584925,275188.20916886756,248537.34456690625
Mantero,MISO,2030,9,OffPeak,384,71.4,39.84,14.877815972222223,29.845386199229093,170509.11878094,168833.5956126958,152989.4520582406
Mantero,MISO,2030,10,Peak,368,71.4,40.58,21.35827510351967,38.236892880639324,300536.0604274507,299170.2696591696,270926.46077799343
Mantero,MISO,2030,10,OffPeak,376,71.4,32.91,18.973457964746185,25.53843332538776,182191.6990854539,179564.20406773826,160330.56991146703
Mantero,MISO,2030,11,Peak,336,71.4,36.06,20.788189484126985,34.30594830138865,239621.27405056905,240326.20420592264,214780.9736008134
Mantero,MISO,2030,11,OffPeak,384,71.4,33.84,20.355340277777778,23.906573414594327,186864.55170422143,187217.5116377811,170222.4471370751
Mantero,MISO,2030,12,Peak,352,71.4,43.55,23.389171626984133,39.1242871835704,322109.8030374202,322101.91628165194,290953.2505059738
Mantero,MISO,2030,12,OffPeak,392,71.4,40.48,21.81695800961894,29.84535433392073,255244.8581758561,257026.69856975382,229409.35624712263
Valentino,ERCOT,2026,1,Peak,352,58.4,66.38,18.726136363636364,39.02822943840998,257258.47716622322,258906.3411789504,232552.01777919623
Valentino,ERCOT,2026,1,OffPeak,392,58.4,59.84,18.779560157396293,25.748269536082965,189548.14126707596,189650.0988501995,170257.78571251896
Valentino,ERCOT,2026,2,Peak,320,58.4,66.38,18.726279761904763,25.910489852901435,155266.2661610966,156604.1340519635,140955.48941189615
Valentino,ERCOT,2026,2,OffPeak,352,58.4,59.84,15.75845117845118,20.107409582221642,111535.29454374954,111817.62052624743,100672.4211137057
Valentino,ERCOT,2026,3,Peak,352,58.4,47.9,22.201552795031052,31.932912039285306,249554.00185382497,250544.80487786653,224404.5863069881
Valentino,ERCOT,2026,3,OffPeak,392,58.4,37.77,21.110813431613426,22.13516491032785,183178.20398637152,183690.99830113616,165259.98521136268
Valentino,ERCOT,2026,4,Peak,352,58.4,47.59,22.72018398268398,39.12218949008974,312879.8967431331,314724.2833479453,280433.69724214135
Valentino,ERCOT,2026,4,OffPeak,368,58.4,36.67,17.465662439613528,27.118236596139273,174298.77161523333,174577.95627490408,156491.5957009748
Valentino,ERCOT,2026,5,Peak,336,58.4,49.0,23.902209595959594,64.94315505469918,521567.72772394837,522648.1181148123,471163.5822151386
Valentino,ERCOT,2026,5,OffPeak,408,58.4,37.22,24.954540149393086,42.16169432547584,429267.2830751024,429250.1806285413,382723.3463869202
Valentino,ERCOT,2026,6,Peak,352,58.4,52.13,29.91497159090909,83.2983585692516,877137.5466193191,875326.2095027086,779821.9433292025
Valentino,ERCOT,2026,6,OffPeak,368,58.4,39.89,27.803282608695653,39.89996189911455,408240.7693666757,411887.752309944,373013.51345849835
Valentino,ERCOT,2026,7,Peak,368,58.4,79.1,30.731250000000003,87.45348395028282,989020.1953421435,989530.8444470922,885759.9253983431
Valentino,ERCOT,2026,7,OffPeak,376,58.4,50.15,27.334644140675138,45.37424623702261,466348.61663918325,475078.4926100178,422153.39229281584
Valentino,ERCOT,2026,8,Peak,336,58.4,112.37,22.473645421607376,156.08825983390858,1178645.061210282,1183984.5883008388,1063973.1491506621
Valentino,ERCOT,2026,8,OffPeak,408,58.4,66.49,18.928215009408017,80.56344169329829,622168.2356776118,617606.1624023465,555251.807640482
Valentino,ERCOT,2026,9,Peak,352,58.4,60.22,15.192380952380953,73.81467549944404,394740.07586250495,391376.9249483255,354750.6740013178
Valentino,ERCOT,2026,9,OffPeak,368,58.4,42.0,12.830340277777779,37.31644647444521,176192.03589065754,175288.13688776342,157826.99935937434
Valentino,ERCOT,2026,10,Peak,352,58.4,44.56,17.01699604743083,43.578702135077776,261035.66789864397,264254.2845312876,237312.17295014745
Valentino,ERCOT,2026,10,OffPeak,392,58.4,36.83,17.171693748421355,29.693741915715268,199877.6022291594,201284.1850254,183128.74547195272
Valentino,ERCOT,2026,11,Peak,336,58.4,45.37,21.541899801587302,38.20648104021055,276541.50261005876,277641.81273379474,249261.85271266938
Valentino,ERCOT,2026,11,OffPeak,384,58.4,36.62,20.25987045373579,28.04520544825005,218185.81602430125,219264.7136852611,198415.99937094905
Valentino,ERCOT,2026,12,Peak,368,58.4,51.64,17.743194444444445,33.56100841106192,219136.45525999143,218754.07518064365,197911.97810771794
Valentino,ERCOT,2026,12,OffPeak,376,58.4,41.75,14.632272783327167,38.158106156466346,209935.7716343908,211625.5731476708,188948.04165994868
Valentino,ERCOT,2027,1,Peak,336,58.4,83.9,18.726136363636364,39.02822943840998,245564.910022304,243929.75324922116,222055.2171645831
Valentino,ERCOT,2027,1,OffPeak,408,58.4,71.66,18.779560157396293,25.748269536082965,197284.80009430356,197899.82183486992,178344.875826227
Valentino,ERCOT,2027,2,Peak,320,58.4,79.46,18.726279761904763,25.910489852901435,155266.2661610966,155638.50148485316,139274.07465995653
Valentino,ERCOT,2027,2,OffPeak,352,58.4,67.44,15.75845117845118,20.107409582221642,111535.29454374954,110886.68311007222,99921.24165409862
Valentino,ERCOT,2027,3,Peak,368,58.4,46.26,22.201552795031052,31.932912039285306,260897.36557445338,260672.87424124495,233443.42502672918
Valentino,ERCOT,2027,3,OffPeak,376,58.4,35.8,21.110813431613426,22.13516491032785,175701.54259917268,177139.95574339316,158689.06250655433
Valentino,ERCOT,2027,4,Peak,352,58.4,44.53,22.72018398268398,39.12218949008974,312879.8967431331,311968.30917385564,278247.7777949502
Valentino,ERCOT,2027,4,OffPeak,368,58.4,32.47,17.465662439613528,27.118236596139273,174298.77161523333,173828.90658430345,156993.31865972787
Valentino,ERCOT,2027,5,Peak,336,58.4,45.63,23.902209595959594,64.94315505469918,521567.72772394837,524705.0149012611,469120.78272069705
Valentino,ERCOT,2027,5,OffPeak,408,58.4,38.31,24.954540149393086,42.16169432547584,429267.2830751024,429688.64624275407,387744.5936774458
Valentino,ERCOT,2027,6,Peak,352,58.4,51.39,29.91497159090909,83.2983585692516,877137.5466193191,873458.7245048481,782986.8956653175
Valentino,ERCOT,2027,6,OffPeak,368,58.4,44.21,27.803282608695653,39.89996189911455,408240.7693666757,408059.7386358497,368353.14747219085
Valentino,ERCOT,2027,7,Peak,352,58.4,77.52,30.731250000000003,87.45348395028282,946019.3172837894,945388.6061013036,850271.6206644406
Valentino,ERCOT,2027,7,OffPeak,392,58.4,58.43,27.334644140675138,45.37424623702261,486193.2386238293,491995.47432361724,439066.7405811023
Valentino,ERCOT,2027,8,Peak,352,58.4,104.08,22.473645421607376,156.08825983390858,1234771.0165060097,1232051.8584777317,1118829.2186753633
Valentino,ERCOT,2027,8,OffPeak,392,58.4,60.8,18.928215009408017,80.56344169329829,597769.4813373132,598761.4491677487,530987.0407219618
Valentino,ERCOT,2027,9,Peak,352,58.4,56.94,15.192380952380953,73.81467549944404,394740.07586250495,395591.7639085327,355272.59675837704
Valentino,ERCOT,2027,9,OffPeak,368,58.4,45.66,12.830340277777779,37.31644647444521,176192.03589065754,178359.82816841715,158989.84567928582
Valentino,ERCOT,2027,10,Peak,336,58.4,44.31,17.01699604743083,43.578702135077776,249170.41026688743,247392.2568748872,222341.75656910276
Valentino,ERCOT,2027,10,OffPeak,408,58.4,35.09,17.171693748421355,29.693741915715268,208035.8717079006,208184.03460827697,186297.56576862268
Valentino,ERCOT,2027,11,Peak,352,58.4,43.53,21.541899801587302,38.20648104021055,289710.14559149015,293177.9484185156,262736.8239437224
Valentino,ERCOT,2027,11,OffPeak,368,58.4,32.74,20.25987045373579,28.04520544825005,209094.74035662203,209600.87850299646,188108.84077160567
Valentino,ERCOT,2027,12,Peak,368,58.4,50.65,17.743194444444445,33.56100841106192,219136.45525999143,220463.6315437042,196462.65109000233
Valentino,ERCOT,2027,12,OffPeak,376,58.4,37.75,14.632272783327167,38.158106156466346,209935.7716343908,209000.74236276216,189161.88808779683
Valentino,ERCOT,2028,1,Peak,336,58.4,83.84,18.726136363636364,39.02822943840998,245564.910022304,245251.31122722873,221809.28501947608
Valentino,ERCOT,2028,1,OffPeak,408,58.4,70.75,18.779560157396293,25.748269536082965,197284.80009430356,199326.9116372412,179030.63980779264
Valentino,ERCOT,2028,2,Peak,336,58.4,81.57,18.726279761904763,25.910489852901435,163029.57946915142,162537.81027491833,146496.07397314662
Valentino,ERCOT,2028,2,OffPeak,360,58.4,68.58,15.75845117845118,20.107409582221642,114070.18760156204,113190.92281079429,101044.06569121084
Valentino,ERCOT,2028,3,Peak,368,58.4,49.16,22.201552795031052,31.932912039285306,260897.36557445338,262277.46545471274,234724.97992226548
Valentino,ERCOT,2028,3,OffPeak,376,58.4,40.51,21.110813431613426,22.13516491032785,175701.54259917268,174289.9389664731,157235.44960706192
Valentino,ERCOT,2028,4,Peak,320,58.4,47.9,22.72018398268398,39.12218949008974,284436.2697664846,285012.19544639485,255503.21816795715
Valentino,ERCOT,2028,4,OffPeak,400,58.4,32.74,17.465662439613528,27.118236596139273,189455.18653829707,189197.77427672234,169979.08095507405
Valentino,ERCOT,2028,5,Peak,368,58.4,46.66,23.902209595959594,64.94315505469918,571240.8446500386,569812.7673203698,511240.91686529625
Valentino,ERCOT,2028,5,OffPeak,376,58.4,33.94,24.954540149393086,42.16169432547584,395599.2608731336,394208.2619272525,357883.48709441774
Valentino,ERCOT,2028,6,Peak,352,58.4,53.5,29.91497159090909,83.2983585692516,877137.5466193191,876035.541153323,784892.6554563703
Valentino,ERCOT,2028,6,OffPeak,368,58.4,39.59,27.803282608695653,39.89996189911455,408240.7693666757,409786.52098554216,365076.2921385225
Valentino,ERCOT,2028,7,Peak,336,58.4,73.6,30.731250000000003,87.45348395028282,903018.4392254354,908126.3894483442,814996.9780828923
Valentino,ERCOT,2028,7,OffPeak,408,58.4,50.28,27.334644140675138,45.37424623702261,506037.86060847546,506171.58998052747,457200.9619587866
Valentino,ERCOT,2028,8,Peak,368,58.4,97.57,22.473645421607376,156.08825983390858,1290896.9718017373,1286211.218652103,1144262.168897564
Valentino,ERCOT,2028,8,OffPeak,376,58.4,56.06,18.928215009408017,80.56344169329829,573370.7269970147,579867.2692825452,513844.85049071215
Valentino,ERCOT,2028,9,Peak,336,58.4,59.14,15.192380952380953,73.81467549944404,376797.345141482,376857.5741054552,339399.8011909138
Valentino,ERCOT,2028,9,OffPeak,384,58.4,42.5,12.830340277777779,37.31644647444521,183852.55919025137,184312.44358775916,165006.4675760359
Valentino,ERCOT,2028,10,Peak,352,58.4,46.49,17.01699604743083,43.578702135077776,261035.66789864397,259934.6420259353,235985.27941806873
Valentino,ERCOT,2028,10,OffPeak,392,58.4,38.32,17.171693748421355,29.693741915715268,199877.6022291594,197953.51506410696,178107.6208249925
Valentino,ERCOT,2028,11,Peak,352,58.4,44.12,21.541899801587302,38.20648104021055,289710.14559149015,291194.1352870086,260511.09441648706
Valentino,ERCOT,2028,11,OffPeak,368,58.4,38.15,20.25987045373579,28.04520544825005,209094.74035662203,207981.37791293685,186456.60418628264
Valentino,ERCOT,2028,12,Peak,336,58.4,49.49,17.743194444444445,33.56100841106192,200081.11132434,200675.82139717386,178625.44100517486
Valentino,ERCOT,2028,12,OffPeak,408,58.4,42.35,14.632272783327167,38.158106156466346,227802.64581604107,226460.1608689723,206576.45840206541
Valentino,ERCOT,2029,1,Peak,368,58.4,87.82,18.726136363636364,39.02822943840998,268952.04431014246,269421.80091770826,242407.33345032705
Valentino,ERCOT,2029,1,OffPeak,376,58.4,64.29,18.779560157396293,25.748269536082965,181811.48243984836,181790.994057521,163559.8566553797
Valentino,ERCOT,2029,2,Peak,320,58.4,79.89,18.726279761904763,25.910489852901435,155266.2661610966,153540.17799559503,139085.78211316507
Valentino,ERCOT,2029,2,OffPeak,352,58.4,65.84,15.75845117845118,20.107409582221642,111535.29454374954,110578.8015722046,99202.71096501533
Valentino,ERCOT,2029,3,Peak,352,58.4,42.17,22.201552795031052,31.932912039285306,249554.00185382497,250993.76785437288,226369.14785088616
Valentino,ERCOT,2029,3,OffPeak,392,58.4,34.67,21.110813431613426,22.13516491032785,183178.20398637152,184173.71624425735,164623.967545456
Valentino,ERCOT,2029,4,Peak,336,58.4,41.37,22.72018398268398,39.12218949008974,298658.08325480885,301788.71616419393,271154.75908504764
Valentino,ERCOT,2029,4,OffPeak,384,58.4,31.12,17.465662439613528,27.118236596139273,181876.9790767652,180533.30893885164,163428.91175837064
Valentino,ERCOT,2029,5,Peak,368,58.4,42.5,23.902209595959594,64.94315505469918,571240.8446500386,570764.4403533468,508835.1932508623
Valentino,ERCOT,2029,5,OffPeak,376,58.4,31.01,24.954540149393086,42.16169432547584,395599.2608731336,395530.72282658936,355762.3764321632
Valentino,ERCOT,2029,6,Peak,336,58.4,54.39,29.91497159090909,83.2983585692516,837267.6581366229,841403.7679958006,753879.3258020291
Valentino,ERCOT,2029,6,OffPeak,384,58.4,37.63,27.803282608695653,39.89996189911455,425990.368034792,424236.8512119452,381198.3096155892
Valentino,ERCOT,2029,7,Peak,352,58.4,69.72,30.731250000000003,87.45348395028282,946019.3172837894,945264.9935097289,853662.2139802511
Valentino,ERCOT,2029,7,OffPeak,392,58.4,50.99,27.334644140675138,45.37424623702261,486193.2386238293,486388.27776307974,438348.8835913249
Valentino,ERCOT,2029,8,Peak,368,58.4,86.06,22.473645421607376,156.08825983390858,1290896.9718017373,1296462.3563371107,1168771.5772299273
Valentino,ERCOT,2029,8,OffPeak,376,58.4,58.32,18.928215009408017,80.56344169329829,573370.7269970147,576384.6336996658,514863.04409330885
Valentino,ERCOT,2029,9,Peak,320,58.4,61.47,15.192380952380953,73.81467549944404,358854.614420459,360885.6410846102,320288.53076965583
Valentino,ERCOT,2029,9,OffPeak,400,58.4,41.97,12.830340277777779,37.31644647444521,191513.08248984517,191594.80627771682,172583.1825710239
Valentino,ERCOT,2029,10,Peak,368,58.4,42.43,17.01699604743083,43.578702135077776,272900.9255304005,275257.64634428034,247104.36126534047
Valentino,ERCOT,2029,10,OffPeak,376,58.4,34.77,17.171693748421355,29.693741915715268,191719.3327504182,191831.29902899684,170923.41297067882
Valentino,ERCOT,2029,11,Peak,352,58.4,40.04,21.541899801587302,38.20648104021055,289710.14559149015,289923.7633297569,257701.71947597392
Valentino,ERCOT,2029,11,OffPeak,368,58.4,35.34,20.25987045373579,28.04520544825005,209094.74035662203,208573.35643190856,187343.28568020926
Valentino,ERCOT,2029,12,Peak,336,58.4,44.6,17.743194444444445,33.56100841106192,200081.11132434,200567.10783028445,179551.89578395666
Valentino,ERCOT,2029,12,OffPeak,408,58.4,41.59,14.632272783327167,38.158106156466346,227802.64581604107,225709.37598043805,203067.71445205342
Valentino,ERCOT,2030,1,Peak,368,58.4,77.81,18.726136363636364,39.02822943840998,268952.04431014246,268472.5569983685,242463.13020029894
Valentino,ERCOT,2030,1,OffPeak,376,58.4,62.01,18.779560157396293,25.748269536082965,181811.48243984836,182469.01692303614,165152.07957295305
Valentino,ERCOT,2030,2,Peak,320,58.4,81.01,18.726279761904763,25.910489852901435,155266.2661610966,154694.2754563567,140052.3865593658
Valentino,ERCOT,2030,2,OffPeak,352,58.4,65.52,15.75845117845118,20.107409582221642,111535.29454374954,111601.75481478321,99113.29286059702
Valentino,ERCOT,2030,3,Peak,336,58.4,42.07,22.201552795031052,31.932912039285306,238210.63813319657,240073.54821188693,215142.2591758769
Valentino,ERCOT,2030,3,OffPeak,408,58.4,32.74,21.110813431613426,22.13516491032785,190654.86537357036,188978.25892859022,169115.29830401536
Valentino,ERCOT,2030,4,Peak,352,58.4,38.74,22.72018398268398,39.12218949008974,312879.8967431331,311638.46549282013,278507.97463060415
Valentino,ERCOT,2030,4,OffPeak,368,58.4,29.38,17.465662439613528,27.118236596139273,174298.77161523333,175711.83516227631,156650.98249521235
Valentino,ERCOT,2030,5,Peak,368,58.4,46.17,23.902209595959594,64.94315505469918,571240.8446500386,567824.6146353876,515232.91624826577
Valentino,ERCOT,2030,5,OffPeak,376,58.4,30.84,24.954540149393086,42.16169432547584,395599.2608731336,397107.96275361616,353528.7049495203
Valentino,ERCOT,2030,6,Peak,320,58.4,58.45,29.91497159090909,83.2983585692516,797397.7696539265,794553.5006959221,716468.1698426877
Valentino,ERCOT,2030,6,OffPeak,400,58.4,35.21,27.803282608695653,39.89996189911455,443739.96670290834,446558.551412836,403091.21786778624
Valentino,ERCOT,2030,7,Peak,368,58.4,68.72,30.731250000000003,87.45348395028282,989020.1953421435,980704.9471692739,879355.8124971171
Valentino,ERCOT,2030,7,OffPeak,376,58.4,48.46,27.334644140675138,45.37424623702261,466348.61663918325,467634.99942195206,419407.8504787677
Valentino,ERCOT,2030,8,Peak,352,58.4,87.21,22.473645421607376,156.08825983390858,1234771.0165060097,1233559.2896931018,1117139.5584565345
Valentino,ERCOT,2030,8,OffPeak,392,58.4,57.24,18.928215009408017,80.56344169329829,597769.4813373132,594046.1466248722,538257.1765075615
Valentino,ERCOT,2030,9,Peak,336,58.4,65.01,15.192380952380953,73.81467549944404,376797.345141482,377517.80725331395,335661.9315354234
Valentino,ERCOT,2030,9,OffPeak,384,58.4,39.84,12.830340277777779,37.31644647444521,183852.55919025137,183593.6575957273,163944.09745372745
Valentino,ERCOT,2030,10,Peak,368,58.4,40.58,17.01699604743083,43.578702135077776,272900.9255304005,273197.65172469534,245715.4630915203
Valentino,ERCOT,2030,10,OffPeak,376,58.4,32.91,17.171693748421355,29.693741915715268,191719.3327504182,190979.93048430397,171492.22692475695
Valentino,ERCOT,2030,11,Peak,336,58.4,36.06,21.541899801587302,38.20648104021055,276541.50261005876,274581.91295392753,247842.2425057886
Valentino,ERCOT,2030,11,OffPeak,384,58.4,33.84,20.25987045373579,28.04520544825005,218185.81602430125,218477.9058531529,196422.37138383207
Valentino,ERCOT,2030,12,Peak,352,58.4,43.55,17.743194444444445,33.56100841106192,209608.78329216572,209679.49341499427,187515.61629360105
Valentino,ERCOT,2030,12,OffPeak,392,58.4,40.48,14.632272783327167,38.158106156466346,218869.20872521593,219109.49008349882,196119.64643563004
